"2018-01-26 13:01:33.849";"487.0"
"2018-01-26 13:01:34.340";"453.0"
"2018-01-26 13:01:34.834";"603.0"
"2018-01-26 13:01:35.323";"526.0"
"2018-01-26 13:01:35.820";"572.0"
"2018-01-26 13:01:36.555";"678.0"
"2018-01-26 13:01:37.051";"523.0"
"2018-01-26 13:01:37.543";"531.0"
"2018-01-26 13:01:38.036";"487.0"
"2018-01-26 13:01:38.531";"473.0"
"2018-01-26 13:01:39.267";"665.0"
"2018-01-26 13:01:39.755";"490.0"
"2018-01-26 13:01:40.252";"580.0"
"2018-01-26 13:01:40.991";"684.0"
"2018-01-26 13:01:41.483";"548.0"
"2018-01-26 13:01:41.977";"651.0"
"2018-01-26 13:01:42.486";"493.0"
"2018-01-26 13:01:42.961";"491.0"
"2018-01-26 13:01:43.454";"570.0"
"2018-01-26 13:01:44.193";"590.0"
"2018-01-26 13:01:44.685";"500.0"
"2018-01-26 13:01:45.178";"576.0"
"2018-01-26 13:01:45.670";"561.0"
"2018-01-26 13:01:46.163";"461.0"
"2018-01-26 13:01:46.902";"706.0"
"2018-01-26 13:01:47.394";"454.0"
"2018-01-26 13:01:47.883";"460.0"
"2018-01-26 13:01:48.379";"711.0"
"2018-01-26 13:01:48.871";"489.0"
"2018-01-26 13:01:49.611";"609.0"
"2018-01-26 13:01:50.099";"560.0"
"2018-01-26 13:01:50.595";"579.0"
"2018-01-26 13:01:51.334";"682.0"
"2018-01-26 13:01:52.074";"667.0"
"2018-01-26 13:01:52.320";"437.0"
"2018-01-26 13:01:52.812";"420.0"
"2018-01-26 13:01:53.553";"642.0"
"2018-01-26 13:01:53.798";"497.0"
"2018-01-26 13:01:54.536";"627.0"
"2018-01-26 13:01:55.028";"541.0"
"2018-01-26 13:01:55.521";"540.0"
"2018-01-26 13:01:56.255";"686.0"
"2018-01-26 13:01:56.753";"493.0"
"2018-01-26 13:01:57.245";"407.0"
"2018-01-26 13:01:57.491";"418.0"
"2018-01-26 13:01:57.984";"461.0"
"2018-01-26 13:01:58.476";"413.0"
"2018-01-26 13:01:58.723";"427.0"
"2018-01-26 13:01:59.216";"408.0"
"2018-01-26 13:01:59.708";"622.0"
"2018-01-26 13:02:00.200";"488.0"
"2018-01-26 13:02:00.940";"643.0"
"2018-01-26 13:02:01.428";"510.0"
"2018-01-26 13:02:01.924";"536.0"
"2018-01-26 13:02:02.417";"536.0"
"2018-01-26 13:02:02.905";"478.0"
"2018-01-26 13:02:03.406";"467.0"
"2018-01-26 13:02:03.894";"473.0"
"2018-01-26 13:02:04.384";"485.0"
"2018-01-26 13:02:04.879";"442.0"
"2018-01-26 13:02:05.372";"509.0"
"2018-01-26 13:02:05.864";"563.0"
"2018-01-26 13:02:06.358";"474.0"
"2018-01-26 13:02:06.604";"411.0"
"2018-01-26 13:02:07.342";"575.0"
"2018-01-26 13:02:07.834";"506.0"
"2018-01-26 13:02:08.327";"682.0"
"2018-01-26 13:02:08.820";"521.0"
"2018-01-26 13:02:09.558";"605.0"
"2018-01-26 13:02:10.051";"553.0"
"2018-01-26 13:02:10.544";"513.0"
"2018-01-26 13:02:11.036";"479.0"
"2018-01-26 13:02:11.529";"444.0"
"2018-01-26 13:02:11.776";"461.0"
"2018-01-26 13:02:12.268";"426.0"
"2018-01-26 13:02:12.760";"531.0"
"2018-01-26 13:02:13.252";"548.0"
"2018-01-26 13:02:13.745";"486.0"
"2018-01-26 13:02:14.974";"489.0"
"2018-01-26 13:02:15.469";"472.0"
"2018-01-26 13:02:17.439";"442.0"
"2018-01-26 13:02:17.928";"443.0"
"2018-01-26 13:02:18.424";"405.0"
"2018-01-26 13:02:18.668";"408.0"
"2018-01-26 13:02:19.163";"433.0"
"2018-01-26 13:02:19.656";"486.0"
"2018-01-26 13:02:20.153";"550.0"
"2018-01-26 13:02:20.641";"499.0"
"2018-01-26 13:02:21.130";"503.0"
"2018-01-26 13:02:21.626";"457.0"
"2018-01-26 13:02:22.118";"488.0"
"2018-01-26 13:02:22.611";"483.0"
"2018-01-26 13:02:22.857";"429.0"
"2018-01-26 13:02:23.350";"459.0"
"2018-01-26 13:02:23.843";"403.0"
"2018-01-26 13:02:24.335";"477.0"
"2018-01-26 13:02:24.829";"539.0"
"2018-01-26 13:02:25.325";"603.0"
"2018-01-26 13:02:26.059";"591.0"
"2018-01-26 13:02:26.305";"484.0"
"2018-01-26 13:02:27.044";"561.0"
"2018-01-26 13:02:27.536";"471.0"
"2018-01-26 13:02:28.029";"530.0"
"2018-01-26 13:02:28.275";"421.0"
"2018-01-26 13:02:28.768";"493.0"
"2018-01-26 13:02:29.514";"751.0"
"2018-01-26 13:02:30.000";"506.0"
"2018-01-26 13:02:30.984";"974.0"
"2018-01-26 13:02:31.473";"508.0"
"2018-01-26 13:02:31.969";"495.0"
"2018-01-26 13:02:32.709";"636.0"
"2018-01-26 13:02:32.951";"431.0"
"2018-01-26 13:02:33.447";"442.0"
"2018-01-26 13:02:34.183";"663.0"
"2018-01-26 13:02:34.683";"467.0"
"2018-01-26 13:02:34.924";"455.0"
"2018-01-26 13:02:35.663";"679.0"
"2018-01-26 13:02:36.156";"446.0"
"2018-01-26 13:02:36.895";"687.0"
"2018-01-26 13:02:37.388";"501.0"
"2018-01-26 13:02:37.881";"544.0"
"2018-01-26 13:02:38.373";"534.0"
"2018-01-26 13:02:38.865";"612.0"
"2018-01-26 13:02:39.354";"527.0"
"2018-01-26 13:02:40.096";"576.0"
"2018-01-26 13:02:40.342";"446.0"
"2018-01-26 13:02:40.835";"480.0"
"2018-01-26 13:02:41.328";"436.0"
"2018-01-26 13:02:41.821";"451.0"
"2018-01-26 13:02:42.314";"520.0"
"2018-01-26 13:02:42.807";"501.0"
"2018-01-26 13:02:43.298";"410.0"
"2018-01-26 13:02:43.791";"510.0"
"2018-01-26 13:02:44.287";"502.0"
"2018-01-26 13:02:45.018";"839.0"
"2018-01-26 13:02:45.268";"378.0"
"2018-01-26 13:02:45.760";"536.0"
"2018-01-26 13:02:46.253";"474.0"
"2018-01-26 13:02:46.745";"449.0"
"2018-01-26 13:02:47.240";"456.0"
"2018-01-26 13:02:47.732";"452.0"
"2018-01-26 13:02:48.223";"483.0"
"2018-01-26 13:02:48.470";"403.0"
"2018-01-26 13:02:48.962";"491.0"
"2018-01-26 13:02:49.452";"482.0"
"2018-01-26 13:02:49.948";"485.0"
"2018-01-26 13:02:50.440";"480.0"
"2018-01-26 13:02:50.933";"476.0"
"2018-01-26 13:02:51.918";"488.0"
"2018-01-26 13:02:52.410";"487.0"
"2018-01-26 13:02:52.656";"451.0"
"2018-01-26 13:02:53.150";"490.0"
"2018-01-26 13:02:53.642";"476.0"
"2018-01-26 13:02:54.134";"482.0"
"2018-01-26 13:02:55.119";"454.0"
"2018-01-26 13:02:55.611";"477.0"
"2018-01-26 13:02:56.104";"478.0"
"2018-01-26 13:02:56.350";"489.0"
"2018-01-26 13:02:57.582";"466.0"
"2018-01-26 13:02:58.566";"502.0"
"2018-01-26 13:02:59.059";"518.0"
"2018-01-26 13:02:59.552";"476.0"
"2018-01-26 13:03:01.518";"2.0"
"2018-01-26 13:03:01.768";"455.0"
"2018-01-26 13:03:02.753";"451.0"
"2018-01-26 13:03:02.996";"484.0"
"2018-01-26 13:03:04.232";"447.0"
"2018-01-26 13:03:06.201";"2.0"
"2018-01-26 13:03:06.450";"2.0"
"2018-01-26 13:03:06.694";"2.0"
"2018-01-26 13:03:06.941";"449.0"
"2018-01-26 13:03:07.925";"487.0"
"2018-01-26 13:03:09.896";"559.0"
"2018-01-26 13:03:10.388";"566.0"
"2018-01-26 13:03:10.880";"450.0"
"2018-01-26 13:03:11.127";"384.0"
"2018-01-26 13:03:11.620";"382.0"
"2018-01-26 13:03:12.112";"590.0"
"2018-01-26 13:03:12.853";"705.0"
"2018-01-26 13:03:13.097";"423.0"
"2018-01-26 13:03:13.590";"393.0"
"2018-01-26 13:03:13.835";"378.0"
"2018-01-26 13:03:14.574";"568.0"
"2018-01-26 13:03:15.062";"576.0"
"2018-01-26 13:03:15.560";"492.0"
"2018-01-26 13:03:16.054";"415.0"
"2018-01-26 13:03:16.298";"389.0"
"2018-01-26 13:03:16.791";"426.0"
"2018-01-26 13:03:17.283";"476.0"
"2018-01-26 13:03:17.777";"491.0"
"2018-01-26 13:03:18.018";"452.0"
"2018-01-26 13:03:18.515";"384.0"
"2018-01-26 13:03:19.008";"524.0"
"2018-01-26 13:03:19.497";"467.0"
"2018-01-26 13:03:19.988";"443.0"
"2018-01-26 13:03:20.239";"409.0"
"2018-01-26 13:03:20.732";"519.0"
"2018-01-26 13:03:21.224";"456.0"
"2018-01-26 13:03:21.963";"682.0"
"2018-01-26 13:03:22.455";"488.0"
"2018-01-26 13:03:22.948";"564.0"
"2018-01-26 13:03:23.440";"396.0"
"2018-01-26 13:03:23.686";"465.0"
"2018-01-26 13:03:24.426";"521.0"
"2018-01-26 13:03:24.672";"437.0"
"2018-01-26 13:03:25.164";"451.0"
"2018-01-26 13:03:25.657";"489.0"
"2018-01-26 13:03:26.150";"481.0"
"2018-01-26 13:03:26.888";"848.0"
"2018-01-26 13:03:27.627";"656.0"
"2018-01-26 13:03:28.117";"567.0"
"2018-01-26 13:03:28.612";"494.0"
"2018-01-26 13:03:29.105";"391.0"
"2018-01-26 13:03:29.597";"479.0"
"2018-01-26 13:03:29.843";"388.0"
"2018-01-26 13:03:30.336";"522.0"
"2018-01-26 13:03:31.075";"637.0"
"2018-01-26 13:03:31.563";"565.0"
"2018-01-26 13:03:32.060";"501.0"
"2018-01-26 13:03:32.553";"431.0"
"2018-01-26 13:03:33.043";"498.0"
"2018-01-26 13:03:33.537";"609.0"
"2018-01-26 13:03:34.030";"450.0"
"2018-01-26 13:03:34.520";"510.0"
"2018-01-26 13:03:34.769";"420.0"
"2018-01-26 13:03:35.508";"537.0"
"2018-01-26 13:03:35.998";"689.0"
"2018-01-26 13:03:36.495";"444.0"
"2018-01-26 13:03:36.985";"463.0"
"2018-01-26 13:03:37.479";"443.0"
"2018-01-26 13:03:37.970";"505.0"
"2018-01-26 13:03:38.463";"593.0"
"2018-01-26 13:03:38.955";"509.0"
"2018-01-26 13:03:39.448";"378.0"
"2018-01-26 13:03:39.694";"477.0"
"2018-01-26 13:03:40.433";"577.0"
"2018-01-26 13:03:40.926";"537.0"
"2018-01-26 13:03:41.419";"459.0"
"2018-01-26 13:03:41.664";"414.0"
"2018-01-26 13:03:42.158";"428.0"
"2018-01-26 13:03:42.650";"467.0"
"2018-01-26 13:03:43.142";"441.0"
"2018-01-26 13:03:43.388";"434.0"
"2018-01-26 13:03:43.881";"439.0"
"2018-01-26 13:03:44.373";"511.0"
"2018-01-26 13:03:44.866";"419.0"
"2018-01-26 13:03:45.108";"378.0"
"2018-01-26 13:03:45.605";"401.0"
"2018-01-26 13:03:45.853";"389.0"
"2018-01-26 13:03:46.344";"418.0"
"2018-01-26 13:03:46.836";"521.0"
"2018-01-26 13:03:47.328";"441.0"
"2018-01-26 13:03:47.821";"437.0"
"2018-01-26 13:03:48.064";"432.0"
"2018-01-26 13:03:48.560";"444.0"
"2018-01-26 13:03:49.054";"429.0"
"2018-01-26 13:03:49.550";"444.0"
"2018-01-26 13:03:49.792";"466.0"
"2018-01-26 13:03:50.284";"441.0"
"2018-01-26 13:03:50.776";"460.0"
"2018-01-26 13:03:51.269";"510.0"
"2018-01-26 13:03:51.762";"503.0"
"2018-01-26 13:03:52.254";"455.0"
"2018-01-26 13:03:53.486";"482.0"
"2018-01-26 13:03:53.978";"432.0"
"2018-01-26 13:03:54.225";"395.0"
"2018-01-26 13:03:54.717";"383.0"
"2018-01-26 13:03:54.963";"392.0"
"2018-01-26 13:03:55.455";"393.0"
"2018-01-26 13:03:55.702";"379.0"
"2018-01-26 13:03:56.195";"403.0"
"2018-01-26 13:03:56.687";"560.0"
"2018-01-26 13:03:57.180";"503.0"
"2018-01-26 13:03:57.672";"463.0"
"2018-01-26 13:03:58.165";"492.0"
"2018-01-26 13:03:58.657";"413.0"
"2018-01-26 13:03:58.904";"450.0"
"2018-01-26 13:03:59.396";"463.0"
"2018-01-26 13:03:59.888";"553.0"
"2018-01-26 13:04:00.381";"430.0"
"2018-01-26 13:04:00.874";"486.0"
"2018-01-26 13:04:01.366";"389.0"
"2018-01-26 13:04:01.608";"487.0"
"2018-01-26 13:04:02.351";"549.0"
"2018-01-26 13:04:02.597";"455.0"
"2018-01-26 13:04:03.087";"461.0"
"2018-01-26 13:04:03.583";"442.0"
"2018-01-26 13:04:04.076";"457.0"
"2018-01-26 13:04:05.306";"414.0"
"2018-01-26 13:04:05.799";"668.0"
"2018-01-26 13:04:06.292";"466.0"
"2018-01-26 13:04:07.031";"624.0"
"2018-01-26 13:04:07.277";"402.0"
"2018-01-26 13:04:08.017";"650.0"
"2018-01-26 13:04:08.262";"404.0"
"2018-01-26 13:04:09.001";"612.0"
"2018-01-26 13:04:09.493";"499.0"
"2018-01-26 13:04:09.986";"420.0"
"2018-01-26 13:04:10.479";"581.0"
"2018-01-26 13:04:10.971";"482.0"
"2018-01-26 13:04:11.218";"407.0"
"2018-01-26 13:04:11.956";"628.0"
"2018-01-26 13:04:12.448";"437.0"
"2018-01-26 13:04:12.695";"395.0"
"2018-01-26 13:04:13.188";"386.0"
"2018-01-26 13:04:13.434";"421.0"
"2018-01-26 13:04:13.927";"416.0"
"2018-01-26 13:04:14.419";"489.0"
"2018-01-26 13:04:14.911";"447.0"
"2018-01-26 13:04:15.153";"434.0"
"2018-01-26 13:04:15.651";"493.0"
"2018-01-26 13:04:16.146";"412.0"
"2018-01-26 13:04:16.881";"643.0"
"2018-01-26 13:04:17.374";"535.0"
"2018-01-26 13:04:17.620";"391.0"
"2018-01-26 13:04:18.110";"415.0"
"2018-01-26 13:04:18.605";"491.0"
"2018-01-26 13:04:18.852";"387.0"
"2018-01-26 13:04:19.340";"515.0"
"2018-01-26 13:04:19.836";"480.0"
"2018-01-26 13:04:20.329";"418.0"
"2018-01-26 13:04:20.822";"379.0"
"2018-01-26 13:04:21.069";"454.0"
"2018-01-26 13:04:21.560";"481.0"
"2018-01-26 13:04:22.300";"644.0"
"2018-01-26 13:04:22.546";"430.0"
"2018-01-26 13:04:23.038";"461.0"
"2018-01-26 13:04:23.531";"441.0"
"2018-01-26 13:04:24.025";"438.0"
"2018-01-26 13:04:24.516";"519.0"
"2018-01-26 13:04:24.762";"415.0"
"2018-01-26 13:04:25.501";"554.0"
"2018-01-26 13:04:25.993";"464.0"
"2018-01-26 13:04:26.486";"550.0"
"2018-01-26 13:04:26.979";"537.0"
"2018-01-26 13:04:27.471";"535.0"
"2018-01-26 13:04:27.964";"465.0"
"2018-01-26 13:04:28.210";"405.0"
"2018-01-26 13:04:28.703";"431.0"
"2018-01-26 13:04:29.195";"516.0"
"2018-01-26 13:04:29.688";"538.0"
"2018-01-26 13:04:30.180";"452.0"
"2018-01-26 13:04:30.673";"599.0"
"2018-01-26 13:04:31.166";"481.0"
"2018-01-26 13:04:31.658";"457.0"
"2018-01-26 13:04:32.397";"833.0"
"2018-01-26 13:04:32.889";"411.0"
"2018-01-26 13:04:33.379";"540.0"
"2018-01-26 13:04:33.875";"424.0"
"2018-01-26 13:04:34.368";"442.0"
"2018-01-26 13:04:34.860";"501.0"
"2018-01-26 13:04:35.114";"434.0"
"2018-01-26 13:04:35.598";"417.0"
"2018-01-26 13:04:36.091";"414.0"
"2018-01-26 13:04:36.337";"442.0"
"2018-01-26 13:04:36.830";"440.0"
"2018-01-26 13:04:37.324";"442.0"
"2018-01-26 13:04:37.815";"585.0"
"2018-01-26 13:04:38.307";"471.0"
"2018-01-26 13:04:38.799";"413.0"
"2018-01-26 13:04:39.292";"456.0"
"2018-01-26 13:04:39.785";"534.0"
"2018-01-26 13:04:40.277";"629.0"
"2018-01-26 13:04:40.769";"502.0"
"2018-01-26 13:04:41.262";"448.0"
"2018-01-26 13:04:41.755";"473.0"
"2018-01-26 13:04:42.247";"562.0"
"2018-01-26 13:04:42.740";"517.0"
"2018-01-26 13:04:43.233";"575.0"
"2018-01-26 13:04:43.725";"373.0"
"2018-01-26 13:04:43.967";"394.0"
"2018-01-26 13:04:44.465";"431.0"
"2018-01-26 13:04:44.956";"419.0"
"2018-01-26 13:04:45.203";"417.0"
"2018-01-26 13:04:45.942";"517.0"
"2018-01-26 13:04:46.188";"423.0"
"2018-01-26 13:04:46.680";"396.0"
"2018-01-26 13:04:46.924";"365.0"
"2018-01-26 13:04:47.419";"524.0"
"2018-01-26 13:04:48.158";"585.0"
"2018-01-26 13:04:48.650";"518.0"
"2018-01-26 13:04:49.143";"592.0"
"2018-01-26 13:04:49.631";"531.0"
"2018-01-26 13:04:50.128";"460.0"
"2018-01-26 13:04:50.621";"447.0"
"2018-01-26 13:04:50.867";"415.0"
"2018-01-26 13:04:51.359";"386.0"
"2018-01-26 13:04:51.852";"444.0"
"2018-01-26 13:04:52.100";"392.0"
"2018-01-26 13:04:52.591";"449.0"
"2018-01-26 13:04:53.084";"455.0"
"2018-01-26 13:04:53.330";"388.0"
"2018-01-26 13:04:53.824";"536.0"
"2018-01-26 13:04:54.561";"632.0"
"2018-01-26 13:04:55.055";"448.0"
"2018-01-26 13:04:55.303";"424.0"
"2018-01-26 13:04:55.793";"451.0"
"2018-01-26 13:04:56.285";"441.0"
"2018-01-26 13:04:56.778";"410.0"
"2018-01-26 13:04:57.024";"480.0"
"2018-01-26 13:04:57.513";"474.0"
"2018-01-26 13:04:58.009";"497.0"
"2018-01-26 13:04:58.502";"499.0"
"2018-01-26 13:04:59.482";"911.0"
"2018-01-26 13:04:59.979";"476.0"
"2018-01-26 13:05:00.468";"503.0"
"2018-01-26 13:05:00.964";"465.0"
"2018-01-26 13:05:01.210";"417.0"
"2018-01-26 13:05:01.703";"439.0"
"2018-01-26 13:05:02.442";"679.0"
"2018-01-26 13:05:02.934";"583.0"
"2018-01-26 13:05:03.424";"461.0"
"2018-01-26 13:05:03.919";"437.0"
"2018-01-26 13:05:04.413";"566.0"
"2018-01-26 13:05:04.904";"527.0"
"2018-01-26 13:05:05.397";"519.0"
"2018-01-26 13:05:05.889";"405.0"
"2018-01-26 13:05:06.383";"505.0"
"2018-01-26 13:05:06.629";"462.0"
"2018-01-26 13:05:07.367";"607.0"
"2018-01-26 13:05:07.860";"561.0"
"2018-01-26 13:05:08.353";"486.0"
"2018-01-26 13:05:09.091";"660.0"
"2018-01-26 13:05:09.584";"523.0"
"2018-01-26 13:05:10.088";"512.0"
"2018-01-26 13:05:10.569";"574.0"
"2018-01-26 13:05:11.308";"654.0"
"2018-01-26 13:05:11.800";"633.0"
"2018-01-26 13:05:12.293";"436.0"
"2018-01-26 13:05:12.539";"406.0"
"2018-01-26 13:05:13.032";"390.0"
"2018-01-26 13:05:13.524";"391.0"
"2018-01-26 13:05:14.012";"589.0"
"2018-01-26 13:05:14.509";"457.0"
"2018-01-26 13:05:15.002";"496.0"
"2018-01-26 13:05:15.248";"441.0"
"2018-01-26 13:05:15.740";"452.0"
"2018-01-26 13:05:16.480";"696.0"
"2018-01-26 13:05:16.970";"473.0"
"2018-01-26 13:05:17.464";"574.0"
"2018-01-26 13:05:17.957";"408.0"
"2018-01-26 13:05:18.204";"435.0"
"2018-01-26 13:05:18.696";"452.0"
"2018-01-26 13:05:19.188";"435.0"
"2018-01-26 13:05:19.681";"530.0"
"2018-01-26 13:05:20.420";"644.0"
"2018-01-26 13:05:20.666";"460.0"
"2018-01-26 13:05:21.158";"450.0"
"2018-01-26 13:05:21.651";"399.0"
"2018-01-26 13:05:22.144";"469.0"
"2018-01-26 13:05:22.636";"467.0"
"2018-01-26 13:05:22.882";"435.0"
"2018-01-26 13:05:23.868";"439.0"
"2018-01-26 13:05:24.361";"451.0"
"2018-01-26 13:05:24.606";"466.0"
"2018-01-26 13:05:25.100";"436.0"
"2018-01-26 13:05:26.330";"440.0"
"2018-01-26 13:05:27.069";"426.0"
"2018-01-26 13:05:28.547";"451.0"
"2018-01-26 13:05:29.532";"464.0"
"2018-01-26 13:05:29.778";"435.0"
"2018-01-26 13:05:30.271";"458.0"
"2018-01-26 13:05:32.240";"2.0"
"2018-01-26 13:05:32.487";"2.0"
"2018-01-26 13:05:32.733";"442.0"
"2018-01-26 13:05:33.226";"415.0"
"2018-01-26 13:05:33.718";"446.0"
"2018-01-26 13:05:33.964";"441.0"
"2018-01-26 13:05:34.950";"445.0"
"2018-01-26 13:05:35.689";"417.0"
"2018-01-26 13:05:36.674";"437.0"
"2018-01-26 13:05:37.413";"428.0"
"2018-01-26 13:05:37.905";"445.0"
"2018-01-26 13:05:39.876";"455.0"
"2018-01-26 13:05:40.124";"429.0"
"2018-01-26 13:05:40.615";"415.0"
"2018-01-26 13:05:41.107";"417.0"
"2018-01-26 13:05:41.353";"402.0"
"2018-01-26 13:05:41.846";"413.0"
"2018-01-26 13:05:42.584";"412.0"
"2018-01-26 13:05:43.077";"426.0"
"2018-01-26 13:05:44.058";"434.0"
"2018-01-26 13:05:44.311";"418.0"
"2018-01-26 13:05:46.279";"2.0"
"2018-01-26 13:05:46.524";"2.0"
"2018-01-26 13:05:46.783";"2.0"
"2018-01-26 13:05:47.014";"2.0"
"2018-01-26 13:05:47.263";"2.0"
"2018-01-26 13:05:47.509";"2.0"
"2018-01-26 13:05:47.756";"2.0"
"2018-01-26 13:05:48.002";"2.0"
"2018-01-26 13:05:48.249";"424.0"
"2018-01-26 13:05:49.233";"428.0"
"2018-01-26 13:05:49.978";"446.0"
"2018-01-26 13:05:51.450";"443.0"
"2018-01-26 13:05:53.420";"423.0"
"2018-01-26 13:05:53.913";"394.0"
"2018-01-26 13:05:54.159";"436.0"
"2018-01-26 13:05:54.652";"402.0"
"2018-01-26 13:05:55.144";"449.0"
"2018-01-26 13:05:55.392";"423.0"
"2018-01-26 13:05:55.883";"418.0"
"2018-01-26 13:05:56.375";"430.0"
"2018-01-26 13:05:56.622";"398.0"
"2018-01-26 13:05:57.115";"417.0"
"2018-01-26 13:05:58.100";"443.0"
"2018-01-26 13:05:58.592";"397.0"
"2018-01-26 13:05:58.838";"407.0"
"2018-01-26 13:06:00.069";"397.0"
"2018-01-26 13:06:00.558";"412.0"
"2018-01-26 13:06:02.036";"422.0"
"2018-01-26 13:06:02.532";"426.0"
"2018-01-26 13:06:02.778";"403.0"
"2018-01-26 13:06:03.764";"408.0"
"2018-01-26 13:06:04.010";"417.0"
"2018-01-26 13:06:04.993";"426.0"
"2018-01-26 13:06:05.241";"438.0"
"2018-01-26 13:06:05.734";"417.0"
"2018-01-26 13:06:06.227";"417.0"
"2018-01-26 13:06:06.473";"399.0"
"2018-01-26 13:06:07.458";"398.0"
"2018-01-26 13:06:07.704";"411.0"
"2018-01-26 13:06:08.197";"409.0"
"2018-01-26 13:06:08.443";"389.0"
"2018-01-26 13:06:08.936";"394.0"
"2018-01-26 13:06:10.168";"426.0"
"2018-01-26 13:06:10.659";"431.0"
"2018-01-26 13:06:11.398";"431.0"
"2018-01-26 13:06:11.892";"439.0"
"2018-01-26 13:06:12.383";"444.0"
"2018-01-26 13:06:12.876";"442.0"
"2018-01-26 13:06:13.122";"430.0"
"2018-01-26 13:06:13.615";"409.0"
"2018-01-26 13:06:14.601";"414.0"
"2018-01-26 13:06:16.570";"2.0"
"2018-01-26 13:06:16.816";"2.0"
"2018-01-26 13:06:17.060";"2.0"
"2018-01-26 13:06:17.309";"2.0"
"2018-01-26 13:06:17.555";"397.0"
"2018-01-26 13:06:18.294";"427.0"
"2018-01-26 13:06:20.265";"2.0"
"2018-01-26 13:06:20.510";"2.0"
"2018-01-26 13:06:20.757";"2.0"
"2018-01-26 13:06:21.004";"2.0"
"2018-01-26 13:06:21.249";"2.0"
"2018-01-26 13:06:21.495";"2.0"
"2018-01-26 13:06:21.743";"416.0"
"2018-01-26 13:06:22.481";"426.0"
"2018-01-26 13:06:24.450";"2.0"
"2018-01-26 13:06:24.697";"2.0"
"2018-01-26 13:06:24.943";"2.0"
"2018-01-26 13:06:25.190";"2.0"
"2018-01-26 13:06:25.435";"2.0"
"2018-01-26 13:06:25.682";"2.0"
"2018-01-26 13:06:25.929";"2.0"
"2018-01-26 13:06:26.174";"476.0"
"2018-01-26 13:06:26.421";"440.0"
"2018-01-26 13:06:26.913";"479.0"
"2018-01-26 13:06:27.406";"478.0"
"2018-01-26 13:06:27.899";"419.0"
"2018-01-26 13:06:28.145";"409.0"
"2018-01-26 13:06:28.637";"379.0"
"2018-01-26 13:06:29.130";"489.0"
"2018-01-26 13:06:29.623";"471.0"
"2018-01-26 13:06:30.115";"447.0"
"2018-01-26 13:06:30.361";"427.0"
"2018-01-26 13:06:30.855";"460.0"
"2018-01-26 13:06:31.346";"445.0"
"2018-01-26 13:06:31.593";"413.0"
"2018-01-26 13:06:32.082";"450.0"
"2018-01-26 13:06:32.578";"463.0"
"2018-01-26 13:06:33.070";"416.0"
"2018-01-26 13:06:34.302";"453.0"
"2018-01-26 13:06:35.287";"412.0"
"2018-01-26 13:06:36.025";"431.0"
"2018-01-26 13:06:36.518";"454.0"
"2018-01-26 13:06:37.257";"408.0"
"2018-01-26 13:06:37.750";"428.0"
"2018-01-26 13:06:37.996";"413.0"
"2018-01-26 13:06:38.488";"418.0"
"2018-01-26 13:06:40.460";"2.0"
"2018-01-26 13:06:40.705";"2.0"
"2018-01-26 13:06:40.952";"437.0"
"2018-01-26 13:06:42.674";"474.0"
"2018-01-26 13:06:43.168";"416.0"
"2018-01-26 13:06:43.410";"401.0"
"2018-01-26 13:06:43.906";"456.0"
"2018-01-26 13:06:44.399";"513.0"
"2018-01-26 13:06:44.892";"481.0"
"2018-01-26 13:06:45.626";"606.0"
"2018-01-26 13:06:45.876";"375.0"
"2018-01-26 13:06:46.616";"694.0"
"2018-01-26 13:06:47.104";"454.0"
"2018-01-26 13:06:47.354";"413.0"
"2018-01-26 13:06:47.848";"442.0"
"2018-01-26 13:06:48.340";"574.0"
"2018-01-26 13:06:48.832";"436.0"
"2018-01-26 13:06:49.324";"450.0"
"2018-01-26 13:06:49.571";"432.0"
"2018-01-26 13:06:50.064";"420.0"
"2018-01-26 13:06:50.551";"408.0"
"2018-01-26 13:06:50.803";"437.0"
"2018-01-26 13:06:51.295";"418.0"
"2018-01-26 13:06:53.018";"416.0"
"2018-01-26 13:06:54.988";"425.0"
"2018-01-26 13:06:55.231";"402.0"
"2018-01-26 13:06:55.728";"406.0"
"2018-01-26 13:06:56.220";"438.0"
"2018-01-26 13:06:56.466";"436.0"
"2018-01-26 13:06:56.959";"404.0"
"2018-01-26 13:06:57.205";"416.0"
"2018-01-26 13:06:57.698";"417.0"
"2018-01-26 13:06:58.190";"424.0"
"2018-01-26 13:06:59.171";"421.0"
"2018-01-26 13:06:59.914";"397.0"
"2018-01-26 13:07:00.406";"394.0"
"2018-01-26 13:07:02.128";"414.0"
"2018-01-26 13:07:02.377";"403.0"
"2018-01-26 13:07:03.362";"408.0"
"2018-01-26 13:07:03.854";"382.0"
"2018-01-26 13:07:05.579";"408.0"
"2018-01-26 13:07:06.317";"424.0"
"2018-01-26 13:07:07.056";"423.0"
"2018-01-26 13:07:07.548";"420.0"
"2018-01-26 13:07:08.041";"425.0"
"2018-01-26 13:07:09.027";"431.0"
"2018-01-26 13:07:09.272";"435.0"
"2018-01-26 13:07:10.752";"416.0"
"2018-01-26 13:07:10.996";"406.0"
"2018-01-26 13:07:12.474";"397.0"
"2018-01-26 13:07:13.213";"417.0"
"2018-01-26 13:07:15.183";"2.0"
"2018-01-26 13:07:15.429";"2.0"
"2018-01-26 13:07:15.671";"2.0"
"2018-01-26 13:07:15.923";"2.0"
"2018-01-26 13:07:16.168";"2.0"
"2018-01-26 13:07:16.415";"395.0"
"2018-01-26 13:07:17.150";"400.0"
"2018-01-26 13:07:19.123";"399.0"
"2018-01-26 13:07:19.616";"471.0"
"2018-01-26 13:07:19.862";"393.0"
"2018-01-26 13:07:20.354";"493.0"
"2018-01-26 13:07:20.844";"474.0"
"2018-01-26 13:07:21.336";"592.0"
"2018-01-26 13:07:21.833";"416.0"
"2018-01-26 13:07:22.330";"380.0"
"2018-01-26 13:07:22.571";"381.0"
"2018-01-26 13:07:22.816";"368.0"
"2018-01-26 13:07:23.310";"414.0"
"2018-01-26 13:07:23.802";"421.0"
"2018-01-26 13:07:24.050";"370.0"
"2018-01-26 13:07:24.541";"504.0"
"2018-01-26 13:07:25.034";"518.0"
"2018-01-26 13:07:25.526";"374.0"
"2018-01-26 13:07:26.019";"512.0"
"2018-01-26 13:07:26.512";"486.0"
"2018-01-26 13:07:26.758";"431.0"
"2018-01-26 13:07:27.250";"446.0"
"2018-01-26 13:07:27.743";"445.0"
"2018-01-26 13:07:28.235";"444.0"
"2018-01-26 13:07:28.482";"429.0"
"2018-01-26 13:07:28.974";"412.0"
"2018-01-26 13:07:29.959";"452.0"
"2018-01-26 13:07:30.451";"382.0"
"2018-01-26 13:07:30.694";"422.0"
"2018-01-26 13:07:31.190";"423.0"
"2018-01-26 13:07:31.683";"431.0"
"2018-01-26 13:07:31.929";"445.0"
"2018-01-26 13:07:32.422";"429.0"
"2018-01-26 13:07:32.914";"448.0"
"2018-01-26 13:07:33.407";"430.0"
"2018-01-26 13:07:33.651";"414.0"
"2018-01-26 13:07:34.392";"401.0"
"2018-01-26 13:07:34.885";"439.0"
"2018-01-26 13:07:35.377";"421.0"
"2018-01-26 13:07:35.624";"416.0"
"2018-01-26 13:07:36.116";"404.0"
"2018-01-26 13:07:36.609";"398.0"
"2018-01-26 13:07:37.348";"414.0"
"2018-01-26 13:07:37.840";"418.0"
"2018-01-26 13:07:38.086";"407.0"
"2018-01-26 13:07:38.579";"400.0"
"2018-01-26 13:07:38.826";"396.0"
"2018-01-26 13:07:39.318";"410.0"
"2018-01-26 13:07:40.303";"460.0"
"2018-01-26 13:07:41.288";"384.0"
"2018-01-26 13:07:41.780";"519.0"
"2018-01-26 13:07:42.027";"441.0"
"2018-01-26 13:07:42.521";"457.0"
"2018-01-26 13:07:43.012";"447.0"
"2018-01-26 13:07:43.505";"584.0"
"2018-01-26 13:07:43.997";"464.0"
"2018-01-26 13:07:44.489";"483.0"
"2018-01-26 13:07:44.982";"391.0"
"2018-01-26 13:07:45.474";"528.0"
"2018-01-26 13:07:45.967";"544.0"
"2018-01-26 13:07:46.461";"504.0"
"2018-01-26 13:07:46.954";"492.0"
"2018-01-26 13:07:47.445";"526.0"
"2018-01-26 13:07:47.937";"421.0"
"2018-01-26 13:07:48.183";"389.0"
"2018-01-26 13:07:48.675";"434.0"
"2018-01-26 13:07:49.168";"674.0"
"2018-01-26 13:07:49.661";"423.0"
"2018-01-26 13:07:50.155";"454.0"
"2018-01-26 13:07:50.647";"407.0"
"2018-01-26 13:07:50.890";"445.0"
"2018-01-26 13:07:51.385";"420.0"
"2018-01-26 13:07:51.877";"392.0"
"2018-01-26 13:07:52.125";"388.0"
"2018-01-26 13:07:52.617";"433.0"
"2018-01-26 13:07:53.109";"462.0"
"2018-01-26 13:07:53.355";"406.0"
"2018-01-26 13:07:53.856";"398.0"
"2018-01-26 13:07:54.583";"419.0"
"2018-01-26 13:07:55.079";"412.0"
"2018-01-26 13:07:55.573";"414.0"
"2018-01-26 13:07:55.818";"416.0"
"2018-01-26 13:07:56.310";"442.0"
"2018-01-26 13:07:56.803";"463.0"
"2018-01-26 13:07:58.281";"464.0"
"2018-01-26 13:07:59.758";"486.0"
"2018-01-26 13:08:00.250";"436.0"
"2018-01-26 13:08:00.740";"484.0"
"2018-01-26 13:08:02.714";"2.0"
"2018-01-26 13:08:02.960";"490.0"
"2018-01-26 13:08:03.452";"429.0"
"2018-01-26 13:08:03.698";"471.0"
"2018-01-26 13:08:04.191";"397.0"
"2018-01-26 13:08:04.437";"377.0"
"2018-01-26 13:08:04.930";"375.0"
"2018-01-26 13:08:05.177";"363.0"
"2018-01-26 13:08:05.669";"364.0"
"2018-01-26 13:08:06.161";"511.0"
"2018-01-26 13:08:06.654";"417.0"
"2018-01-26 13:08:06.900";"411.0"
"2018-01-26 13:08:07.393";"458.0"
"2018-01-26 13:08:07.885";"402.0"
"2018-01-26 13:08:08.132";"429.0"
"2018-01-26 13:08:08.624";"456.0"
"2018-01-26 13:08:09.116";"368.0"
"2018-01-26 13:08:09.610";"588.0"
"2018-01-26 13:08:09.855";"404.0"
"2018-01-26 13:08:10.348";"441.0"
"2018-01-26 13:08:10.843";"454.0"
"2018-01-26 13:08:11.333";"428.0"
"2018-01-26 13:08:11.579";"425.0"
"2018-01-26 13:08:12.072";"427.0"
"2018-01-26 13:08:13.547";"439.0"
"2018-01-26 13:08:13.796";"437.0"
"2018-01-26 13:08:15.028";"415.0"
"2018-01-26 13:08:15.520";"455.0"
"2018-01-26 13:08:17.490";"2.0"
"2018-01-26 13:08:17.736";"2.0"
"2018-01-26 13:08:17.982";"2.0"
"2018-01-26 13:08:18.229";"2.0"
"2018-01-26 13:08:18.476";"2.0"
"2018-01-26 13:08:18.718";"2.0"
"2018-01-26 13:08:18.968";"707.0"
"2018-01-26 13:08:19.460";"587.0"
"2018-01-26 13:08:19.953";"451.0"
"2018-01-26 13:08:20.199";"441.0"
"2018-01-26 13:08:20.692";"423.0"
"2018-01-26 13:08:21.179";"438.0"
"2018-01-26 13:08:21.430";"385.0"
"2018-01-26 13:08:21.923";"451.0"
"2018-01-26 13:08:22.415";"548.0"
"2018-01-26 13:08:22.907";"419.0"
"2018-01-26 13:08:23.154";"393.0"
"2018-01-26 13:08:23.647";"404.0"
"2018-01-26 13:08:24.139";"443.0"
"2018-01-26 13:08:24.386";"407.0"
"2018-01-26 13:08:25.863";"417.0"
"2018-01-26 13:08:26.849";"402.0"
"2018-01-26 13:08:28.326";"635.0"
"2018-01-26 13:08:28.818";"429.0"
"2018-01-26 13:08:29.307";"538.0"
"2018-01-26 13:08:29.803";"465.0"
"2018-01-26 13:08:30.050";"401.0"
"2018-01-26 13:08:30.542";"408.0"
"2018-01-26 13:08:31.281";"668.0"
"2018-01-26 13:08:31.528";"456.0"
"2018-01-26 13:08:32.263";"648.0"
"2018-01-26 13:08:32.758";"434.0"
"2018-01-26 13:08:33.252";"575.0"
"2018-01-26 13:08:33.744";"413.0"
"2018-01-26 13:08:33.990";"425.0"
"2018-01-26 13:08:34.482";"513.0"
"2018-01-26 13:08:34.975";"459.0"
"2018-01-26 13:08:35.467";"414.0"
"2018-01-26 13:08:35.714";"424.0"
"2018-01-26 13:08:36.206";"415.0"
"2018-01-26 13:08:36.699";"422.0"
"2018-01-26 13:08:36.945";"401.0"
"2018-01-26 13:08:37.438";"412.0"
"2018-01-26 13:08:39.408";"2.0"
"2018-01-26 13:08:39.654";"418.0"
"2018-01-26 13:08:40.147";"454.0"
"2018-01-26 13:08:40.639";"419.0"
"2018-01-26 13:08:40.886";"401.0"
"2018-01-26 13:08:41.378";"517.0"
"2018-01-26 13:08:41.871";"461.0"
"2018-01-26 13:08:42.118";"368.0"
"2018-01-26 13:08:42.855";"512.0"
"2018-01-26 13:08:43.102";"454.0"
"2018-01-26 13:08:43.592";"494.0"
"2018-01-26 13:08:44.087";"465.0"
"2018-01-26 13:08:44.580";"468.0"
"2018-01-26 13:08:45.077";"413.0"
"2018-01-26 13:08:45.318";"403.0"
"2018-01-26 13:08:45.807";"422.0"
"2018-01-26 13:08:46.304";"512.0"
"2018-01-26 13:08:46.797";"412.0"
"2018-01-26 13:08:47.286";"623.0"
"2018-01-26 13:08:47.781";"413.0"
"2018-01-26 13:08:48.274";"481.0"
"2018-01-26 13:08:48.524";"457.0"
"2018-01-26 13:08:49.013";"412.0"
"2018-01-26 13:08:50.490";"451.0"
"2018-01-26 13:08:50.983";"446.0"
"2018-01-26 13:08:51.477";"548.0"
"2018-01-26 13:08:51.968";"486.0"
"2018-01-26 13:08:52.460";"503.0"
"2018-01-26 13:08:52.953";"584.0"
"2018-01-26 13:08:53.446";"460.0"
"2018-01-26 13:08:53.939";"438.0"
"2018-01-26 13:08:54.184";"398.0"
"2018-01-26 13:08:54.678";"526.0"
"2018-01-26 13:08:55.170";"463.0"
"2018-01-26 13:08:55.663";"398.0"
"2018-01-26 13:08:56.154";"465.0"
"2018-01-26 13:08:56.400";"383.0"
"2018-01-26 13:08:56.893";"383.0"
"2018-01-26 13:08:57.139";"372.0"
"2018-01-26 13:08:57.632";"383.0"
"2018-01-26 13:08:57.878";"384.0"
"2018-01-26 13:08:58.371";"404.0"
"2018-01-26 13:08:58.618";"387.0"
"2018-01-26 13:08:59.111";"453.0"
"2018-01-26 13:08:59.602";"397.0"
"2018-01-26 13:08:59.849";"450.0"
"2018-01-26 13:09:00.342";"399.0"
"2018-01-26 13:09:00.832";"421.0"
"2018-01-26 13:09:01.572";"429.0"
"2018-01-26 13:09:02.804";"802.0"
"2018-01-26 13:09:03.297";"450.0"
"2018-01-26 13:09:03.791";"406.0"
"2018-01-26 13:09:04.034";"385.0"
"2018-01-26 13:09:04.525";"425.0"
"2018-01-26 13:09:04.774";"349.0"
"2018-01-26 13:09:05.266";"427.0"
"2018-01-26 13:09:05.759";"431.0"
"2018-01-26 13:09:06.005";"425.0"
"2018-01-26 13:09:06.498";"448.0"
"2018-01-26 13:09:07.975";"453.0"
"2018-01-26 13:09:08.221";"400.0"
"2018-01-26 13:09:08.714";"419.0"
"2018-01-26 13:09:09.207";"451.0"
"2018-01-26 13:09:09.699";"430.0"
"2018-01-26 13:09:09.946";"425.0"
"2018-01-26 13:09:10.930";"422.0"
"2018-01-26 13:09:11.916";"437.0"
"2018-01-26 13:09:12.408";"454.0"
"2018-01-26 13:09:12.656";"429.0"
"2018-01-26 13:09:14.624";"2.0"
"2018-01-26 13:09:14.873";"2.0"
"2018-01-26 13:09:15.117";"2.0"
"2018-01-26 13:09:15.364";"431.0"
"2018-01-26 13:09:15.853";"405.0"
"2018-01-26 13:09:16.102";"377.0"
"2018-01-26 13:09:16.595";"493.0"
"2018-01-26 13:09:17.088";"394.0"
"2018-01-26 13:09:17.580";"424.0"
"2018-01-26 13:09:17.826";"415.0"
"2018-01-26 13:09:18.319";"396.0"
"2018-01-26 13:09:18.565";"393.0"
"2018-01-26 13:09:19.058";"427.0"
"2018-01-26 13:09:19.550";"360.0"
"2018-01-26 13:09:19.796";"503.0"
"2018-01-26 13:09:20.535";"511.0"
"2018-01-26 13:09:20.782";"409.0"
"2018-01-26 13:09:21.275";"399.0"
"2018-01-26 13:09:21.770";"522.0"
"2018-01-26 13:09:22.013";"403.0"
"2018-01-26 13:09:22.506";"373.0"
"2018-01-26 13:09:22.998";"560.0"
"2018-01-26 13:09:23.491";"369.0"
"2018-01-26 13:09:23.737";"485.0"
"2018-01-26 13:09:24.229";"456.0"
"2018-01-26 13:09:24.722";"375.0"
"2018-01-26 13:09:24.969";"353.0"
"2018-01-26 13:09:25.463";"441.0"
"2018-01-26 13:09:25.954";"495.0"
"2018-01-26 13:09:26.200";"363.0"
"2018-01-26 13:09:26.938";"654.0"
"2018-01-26 13:09:27.431";"400.0"
"2018-01-26 13:09:27.920";"503.0"
"2018-01-26 13:09:28.175";"365.0"
"2018-01-26 13:09:28.413";"357.0"
"2018-01-26 13:09:28.909";"393.0"
"2018-01-26 13:09:29.402";"528.0"
"2018-01-26 13:09:29.894";"456.0"
"2018-01-26 13:09:30.140";"403.0"
"2018-01-26 13:09:30.633";"390.0"
"2018-01-26 13:09:31.125";"501.0"
"2018-01-26 13:09:31.371";"366.0"
"2018-01-26 13:09:32.110";"541.0"
"2018-01-26 13:09:32.357";"412.0"
"2018-01-26 13:09:33.096";"588.0"
"2018-01-26 13:09:33.342";"379.0"
"2018-01-26 13:09:33.835";"410.0"
"2018-01-26 13:09:34.326";"588.0"
"2018-01-26 13:09:34.573";"354.0"
"2018-01-26 13:09:35.067";"458.0"
"2018-01-26 13:09:35.558";"447.0"
"2018-01-26 13:09:36.051";"451.0"
"2018-01-26 13:09:36.543";"513.0"
"2018-01-26 13:09:37.035";"451.0"
"2018-01-26 13:09:37.282";"397.0"
"2018-01-26 13:09:37.774";"358.0"
"2018-01-26 13:09:38.020";"389.0"
"2018-01-26 13:09:38.509";"463.0"
"2018-01-26 13:09:39.006";"485.0"
"2018-01-26 13:09:39.500";"452.0"
"2018-01-26 13:09:39.987";"478.0"
"2018-01-26 13:09:40.238";"385.0"
"2018-01-26 13:09:40.483";"352.0"
"2018-01-26 13:09:40.977";"391.0"
"2018-01-26 13:09:41.715";"647.0"
"2018-01-26 13:09:41.961";"378.0"
"2018-01-26 13:09:42.454";"485.0"
"2018-01-26 13:09:42.945";"446.0"
"2018-01-26 13:09:43.439";"466.0"
"2018-01-26 13:09:43.685";"388.0"
"2018-01-26 13:09:44.178";"418.0"
"2018-01-26 13:09:44.424";"371.0"
"2018-01-26 13:09:44.917";"353.0"
"2018-01-26 13:09:45.163";"363.0"
"2018-01-26 13:09:45.655";"413.0"
"2018-01-26 13:09:45.901";"371.0"
"2018-01-26 13:09:46.394";"456.0"
"2018-01-26 13:09:46.886";"428.0"
"2018-01-26 13:09:47.133";"364.0"
"2018-01-26 13:09:47.625";"402.0"
"2018-01-26 13:09:47.872";"382.0"
"2018-01-26 13:09:48.610";"571.0"
"2018-01-26 13:09:48.856";"391.0"
"2018-01-26 13:09:49.349";"412.0"
"2018-01-26 13:09:49.595";"362.0"
"2018-01-26 13:09:50.088";"384.0"
"2018-01-26 13:09:50.580";"649.0"
"2018-01-26 13:09:51.073";"464.0"
"2018-01-26 13:09:51.566";"349.0"
"2018-01-26 13:09:52.058";"667.0"
"2018-01-26 13:09:52.551";"475.0"
"2018-01-26 13:09:53.044";"421.0"
"2018-01-26 13:09:53.289";"375.0"
"2018-01-26 13:09:53.783";"352.0"
"2018-01-26 13:09:54.028";"404.0"
"2018-01-26 13:09:54.521";"494.0"
"2018-01-26 13:09:55.009";"366.0"
"2018-01-26 13:09:55.260";"423.0"
"2018-01-26 13:09:55.752";"356.0"
"2018-01-26 13:09:56.245";"582.0"
"2018-01-26 13:09:56.737";"425.0"
"2018-01-26 13:09:57.230";"587.0"
"2018-01-26 13:09:57.722";"451.0"
"2018-01-26 13:09:58.215";"466.0"
"2018-01-26 13:09:58.461";"392.0"
"2018-01-26 13:09:58.954";"401.0"
"2018-01-26 13:09:59.447";"563.0"
"2018-01-26 13:09:59.939";"387.0"
"2018-01-26 13:10:00.431";"563.0"
"2018-01-26 13:10:00.678";"388.0"
"2018-01-26 13:10:01.168";"526.0"
"2018-01-26 13:10:01.665";"466.0"
"2018-01-26 13:10:02.155";"357.0"
"2018-01-26 13:10:02.402";"356.0"
"2018-01-26 13:10:02.894";"568.0"
"2018-01-26 13:10:03.390";"393.0"
"2018-01-26 13:10:03.633";"391.0"
"2018-01-26 13:10:04.124";"497.0"
"2018-01-26 13:10:04.619";"439.0"
"2018-01-26 13:10:05.112";"411.0"
"2018-01-26 13:10:05.357";"388.0"
"2018-01-26 13:10:05.849";"373.0"
"2018-01-26 13:10:06.096";"342.0"
"2018-01-26 13:10:06.836";"597.0"
"2018-01-26 13:10:07.081";"453.0"
"2018-01-26 13:10:07.573";"451.0"
"2018-01-26 13:10:08.066";"362.0"
"2018-01-26 13:10:08.312";"353.0"
"2018-01-26 13:10:08.804";"413.0"
"2018-01-26 13:10:09.298";"550.0"
"2018-01-26 13:10:09.543";"370.0"
"2018-01-26 13:10:10.032";"503.0"
"2018-01-26 13:10:10.529";"477.0"
"2018-01-26 13:10:11.024";"405.0"
"2018-01-26 13:10:11.268";"370.0"
"2018-01-26 13:10:11.760";"393.0"
"2018-01-26 13:10:12.253";"586.0"
"2018-01-26 13:10:12.746";"363.0"
"2018-01-26 13:10:12.989";"399.0"
"2018-01-26 13:10:13.484";"381.0"
"2018-01-26 13:10:13.977";"529.0"
"2018-01-26 13:10:14.223";"385.0"
"2018-01-26 13:10:14.715";"449.0"
"2018-01-26 13:10:15.208";"374.0"
"2018-01-26 13:10:15.455";"370.0"
"2018-01-26 13:10:15.946";"532.0"
"2018-01-26 13:10:16.439";"377.0"
"2018-01-26 13:10:16.686";"387.0"
"2018-01-26 13:10:17.178";"374.0"
"2018-01-26 13:10:17.670";"578.0"
"2018-01-26 13:10:18.163";"454.0"
"2018-01-26 13:10:18.410";"371.0"
"2018-01-26 13:10:18.903";"380.0"
"2018-01-26 13:10:19.148";"339.0"
"2018-01-26 13:10:19.395";"373.0"
"2018-01-26 13:10:19.887";"364.0"
"2018-01-26 13:10:20.133";"365.0"
"2018-01-26 13:10:20.625";"387.0"
"2018-01-26 13:10:21.118";"430.0"
"2018-01-26 13:10:21.611";"485.0"
"2018-01-26 13:10:21.854";"427.0"
"2018-01-26 13:10:22.349";"363.0"
"2018-01-26 13:10:22.596";"455.0"
"2018-01-26 13:10:23.088";"423.0"
"2018-01-26 13:10:23.577";"355.0"
"2018-01-26 13:10:23.827";"357.0"
"2018-01-26 13:10:24.320";"502.0"
"2018-01-26 13:10:24.812";"450.0"
"2018-01-26 13:10:25.056";"403.0"
"2018-01-26 13:10:25.551";"497.0"
"2018-01-26 13:10:26.044";"451.0"
"2018-01-26 13:10:26.533";"370.0"
"2018-01-26 13:10:27.029";"530.0"
"2018-01-26 13:10:27.275";"377.0"
"2018-01-26 13:10:27.769";"360.0"
"2018-01-26 13:10:28.011";"370.0"
"2018-01-26 13:10:28.503";"541.0"
"2018-01-26 13:10:28.999";"427.0"
"2018-01-26 13:10:29.492";"604.0"
"2018-01-26 13:10:29.984";"350.0"
"2018-01-26 13:10:30.230";"446.0"
"2018-01-26 13:10:30.723";"453.0"
"2018-01-26 13:10:31.215";"421.0"
"2018-01-26 13:10:31.708";"456.0"
"2018-01-26 13:10:31.954";"404.0"
"2018-01-26 13:10:32.446";"342.0"
"2018-01-26 13:10:32.693";"422.0"
"2018-01-26 13:10:33.186";"494.0"
"2018-01-26 13:10:33.678";"368.0"
"2018-01-26 13:10:33.922";"371.0"
"2018-01-26 13:10:34.418";"369.0"
"2018-01-26 13:10:34.909";"472.0"
"2018-01-26 13:10:35.152";"412.0"
"2018-01-26 13:10:35.646";"367.0"
"2018-01-26 13:10:35.897";"401.0"
"2018-01-26 13:10:36.387";"446.0"
"2018-01-26 13:10:36.875";"384.0"
"2018-01-26 13:10:37.123";"422.0"
"2018-01-26 13:10:37.620";"446.0"
"2018-01-26 13:10:38.112";"395.0"
"2018-01-26 13:10:38.601";"500.0"
"2018-01-26 13:10:38.850";"484.0"
"2018-01-26 13:10:39.344";"370.0"
"2018-01-26 13:10:39.589";"386.0"
"2018-01-26 13:10:40.327";"602.0"
"2018-01-26 13:10:40.576";"381.0"
"2018-01-26 13:10:41.066";"351.0"
"2018-01-26 13:10:41.313";"322.0"
"2018-01-26 13:10:41.805";"377.0"
"2018-01-26 13:10:42.052";"416.0"
"2018-01-26 13:10:42.545";"340.0"
"2018-01-26 13:10:42.796";"381.0"
"2018-01-26 13:10:43.283";"588.0"
"2018-01-26 13:10:43.776";"414.0"
"2018-01-26 13:10:44.269";"395.0"
"2018-01-26 13:10:44.517";"328.0"
"2018-01-26 13:10:44.760";"348.0"
"2018-01-26 13:10:45.253";"509.0"
"2018-01-26 13:10:45.747";"409.0"
"2018-01-26 13:10:45.992";"385.0"
"2018-01-26 13:10:46.730";"541.0"
"2018-01-26 13:10:46.977";"419.0"
"2018-01-26 13:10:47.469";"431.0"
"2018-01-26 13:10:47.716";"390.0"
"2018-01-26 13:10:48.455";"546.0"
"2018-01-26 13:10:48.702";"394.0"
"2018-01-26 13:10:49.193";"434.0"
"2018-01-26 13:10:49.439";"366.0"
"2018-01-26 13:10:49.932";"440.0"
"2018-01-26 13:10:50.670";"812.0"
"2018-01-26 13:10:51.164";"449.0"
"2018-01-26 13:10:51.656";"440.0"
"2018-01-26 13:10:51.902";"361.0"
"2018-01-26 13:10:52.394";"363.0"
"2018-01-26 13:10:52.642";"372.0"
"2018-01-26 13:10:53.134";"363.0"
"2018-01-26 13:10:53.380";"342.0"
"2018-01-26 13:10:53.874";"580.0"
"2018-01-26 13:10:54.367";"378.0"
"2018-01-26 13:10:54.611";"356.0"
"2018-01-26 13:10:55.100";"490.0"
"2018-01-26 13:10:55.597";"409.0"
"2018-01-26 13:10:55.843";"365.0"
"2018-01-26 13:10:56.335";"535.0"
"2018-01-26 13:10:56.828";"455.0"
"2018-01-26 13:10:57.321";"417.0"
"2018-01-26 13:10:57.567";"347.0"
"2018-01-26 13:10:58.059";"578.0"
"2018-01-26 13:10:58.552";"380.0"
"2018-01-26 13:10:58.798";"364.0"
"2018-01-26 13:10:59.290";"371.0"
"2018-01-26 13:10:59.537";"358.0"
"2018-01-26 13:11:00.030";"369.0"
"2018-01-26 13:11:00.275";"349.0"
"2018-01-26 13:11:00.768";"498.0"
"2018-01-26 13:11:01.262";"441.0"
"2018-01-26 13:11:01.754";"448.0"
"2018-01-26 13:11:02.001";"355.0"
"2018-01-26 13:11:02.493";"380.0"
"2018-01-26 13:11:02.739";"360.0"
"2018-01-26 13:11:02.995";"346.0"
"2018-01-26 13:11:03.477";"451.0"
"2018-01-26 13:11:03.970";"373.0"
"2018-01-26 13:11:04.216";"372.0"
"2018-01-26 13:11:04.708";"430.0"
"2018-01-26 13:11:05.201";"493.0"
"2018-01-26 13:11:05.449";"423.0"
"2018-01-26 13:11:05.940";"484.0"
"2018-01-26 13:11:06.433";"427.0"
"2018-01-26 13:11:06.925";"408.0"
"2018-01-26 13:11:07.167";"350.0"
"2018-01-26 13:11:07.664";"592.0"
"2018-01-26 13:11:08.153";"486.0"
"2018-01-26 13:11:08.645";"365.0"
"2018-01-26 13:11:08.896";"344.0"
"2018-01-26 13:11:09.387";"354.0"
"2018-01-26 13:11:09.634";"345.0"
"2018-01-26 13:11:10.124";"393.0"
"2018-01-26 13:11:10.373";"389.0"
"2018-01-26 13:11:10.865";"394.0"
"2018-01-26 13:11:11.113";"339.0"
"2018-01-26 13:11:11.602";"413.0"
"2018-01-26 13:11:12.097";"547.0"
"2018-01-26 13:11:12.343";"407.0"
"2018-01-26 13:11:12.835";"413.0"
"2018-01-26 13:11:13.328";"424.0"
"2018-01-26 13:11:13.574";"383.0"
"2018-01-26 13:11:14.067";"556.0"
"2018-01-26 13:11:14.559";"427.0"
"2018-01-26 13:11:15.053";"360.0"
"2018-01-26 13:11:15.544";"633.0"
"2018-01-26 13:11:16.037";"384.0"
"2018-01-26 13:11:16.284";"392.0"
"2018-01-26 13:11:16.779";"371.0"
"2018-01-26 13:11:17.268";"579.0"
"2018-01-26 13:11:17.761";"469.0"
"2018-01-26 13:11:18.007";"418.0"
"2018-01-26 13:11:18.501";"392.0"
"2018-01-26 13:11:18.992";"533.0"
"2018-01-26 13:11:19.485";"437.0"
"2018-01-26 13:11:19.731";"406.0"
"2018-01-26 13:11:20.225";"383.0"
"2018-01-26 13:11:20.470";"343.0"
"2018-01-26 13:11:20.963";"350.0"
"2018-01-26 13:11:21.209";"363.0"
"2018-01-26 13:11:21.701";"414.0"
"2018-01-26 13:11:21.949";"431.0"
"2018-01-26 13:11:22.440";"373.0"
"2018-01-26 13:11:22.933";"392.0"
"2018-01-26 13:11:23.179";"391.0"
"2018-01-26 13:11:24.410";"489.0"
"2018-01-26 13:11:24.657";"395.0"
"2018-01-26 13:11:25.146";"390.0"
"2018-01-26 13:11:25.396";"366.0"
"2018-01-26 13:11:25.890";"440.0"
"2018-01-26 13:11:26.381";"444.0"
"2018-01-26 13:11:26.873";"439.0"
"2018-01-26 13:11:27.120";"414.0"
"2018-01-26 13:11:27.614";"381.0"
"2018-01-26 13:11:28.102";"529.0"
"2018-01-26 13:11:28.351";"378.0"
"2018-01-26 13:11:28.845";"454.0"
"2018-01-26 13:11:29.336";"547.0"
"2018-01-26 13:11:29.828";"465.0"
"2018-01-26 13:11:30.321";"437.0"
"2018-01-26 13:11:30.567";"393.0"
"2018-01-26 13:11:31.060";"357.0"
"2018-01-26 13:11:31.306";"351.0"
"2018-01-26 13:11:31.799";"387.0"
"2018-01-26 13:11:32.047";"362.0"
"2018-01-26 13:11:32.538";"404.0"
"2018-01-26 13:11:32.784";"417.0"
"2018-01-26 13:11:33.277";"395.0"
"2018-01-26 13:11:33.770";"512.0"
"2018-01-26 13:11:34.257";"419.0"
"2018-01-26 13:11:34.754";"568.0"
"2018-01-26 13:11:35.000";"338.0"
"2018-01-26 13:11:35.493";"374.0"
"2018-01-26 13:11:35.985";"502.0"
"2018-01-26 13:11:36.232";"411.0"
"2018-01-26 13:11:36.724";"439.0"
"2018-01-26 13:11:37.217";"424.0"
"2018-01-26 13:11:38.692";"663.0"
"2018-01-26 13:11:38.940";"386.0"
"2018-01-26 13:11:39.433";"466.0"
"2018-01-26 13:11:39.925";"483.0"
"2018-01-26 13:11:40.419";"583.0"
"2018-01-26 13:11:40.911";"392.0"
"2018-01-26 13:11:41.157";"369.0"
"2018-01-26 13:11:41.647";"535.0"
"2018-01-26 13:11:42.143";"428.0"
"2018-01-26 13:11:42.392";"342.0"
"2018-01-26 13:11:42.881";"391.0"
"2018-01-26 13:11:43.377";"435.0"
"2018-01-26 13:11:43.620";"411.0"
"2018-01-26 13:11:44.113";"344.0"
"2018-01-26 13:11:44.358";"380.0"
"2018-01-26 13:11:44.605";"336.0"
"2018-01-26 13:11:45.098";"350.0"
"2018-01-26 13:11:45.344";"342.0"
"2018-01-26 13:11:46.083";"586.0"
"2018-01-26 13:11:46.327";"452.0"
"2018-01-26 13:11:46.821";"440.0"
"2018-01-26 13:11:47.314";"404.0"
"2018-01-26 13:11:47.560";"360.0"
"2018-01-26 13:11:47.806";"348.0"
"2018-01-26 13:11:48.299";"363.0"
"2018-01-26 13:11:48.545";"339.0"
"2018-01-26 13:11:49.038";"356.0"
"2018-01-26 13:11:49.284";"355.0"
"2018-01-26 13:11:49.776";"577.0"
"2018-01-26 13:11:50.269";"402.0"
"2018-01-26 13:11:50.515";"379.0"
"2018-01-26 13:11:51.254";"587.0"
"2018-01-26 13:11:51.500";"373.0"
"2018-01-26 13:11:51.993";"351.0"
"2018-01-26 13:11:52.235";"338.0"
"2018-01-26 13:11:52.481";"361.0"
"2018-01-26 13:11:53.224";"591.0"
"2018-01-26 13:11:53.470";"415.0"
"2018-01-26 13:11:53.964";"449.0"
"2018-01-26 13:11:54.458";"388.0"
"2018-01-26 13:11:54.703";"360.0"
"2018-01-26 13:11:55.191";"387.0"
"2018-01-26 13:11:55.441";"335.0"
"2018-01-26 13:11:55.934";"459.0"
"2018-01-26 13:11:56.426";"428.0"
"2018-01-26 13:11:56.669";"383.0"
"2018-01-26 13:11:57.165";"403.0"
"2018-01-26 13:11:57.411";"412.0"
"2018-01-26 13:11:57.903";"423.0"
"2018-01-26 13:11:58.151";"336.0"
"2018-01-26 13:11:58.643";"384.0"
"2018-01-26 13:11:58.889";"332.0"
"2018-01-26 13:11:59.381";"377.0"
"2018-01-26 13:11:59.627";"341.0"
"2018-01-26 13:11:59.874";"358.0"
"2018-01-26 13:12:00.363";"367.0"
"2018-01-26 13:12:00.612";"404.0"
"2018-01-26 13:12:01.105";"414.0"
"2018-01-26 13:12:01.611";"412.0"
"2018-01-26 13:12:02.829";"421.0"
"2018-01-26 13:12:03.323";"364.0"
"2018-01-26 13:12:03.815";"489.0"
"2018-01-26 13:12:04.307";"572.0"
"2018-01-26 13:12:04.799";"456.0"
"2018-01-26 13:12:05.293";"463.0"
"2018-01-26 13:12:05.539";"396.0"
"2018-01-26 13:12:05.784";"335.0"
"2018-01-26 13:12:06.277";"419.0"
"2018-01-26 13:12:06.769";"484.0"
"2018-01-26 13:12:07.263";"382.0"
"2018-01-26 13:12:07.754";"614.0"
"2018-01-26 13:12:08.247";"442.0"
"2018-01-26 13:12:08.736";"444.0"
"2018-01-26 13:12:08.986";"446.0"
"2018-01-26 13:12:09.478";"498.0"
"2018-01-26 13:12:09.971";"421.0"
"2018-01-26 13:12:10.215";"375.0"
"2018-01-26 13:12:10.710";"368.0"
"2018-01-26 13:12:10.956";"407.0"
"2018-01-26 13:12:11.694";"612.0"
"2018-01-26 13:12:11.941";"371.0"
"2018-01-26 13:12:12.434";"377.0"
"2018-01-26 13:12:12.927";"521.0"
"2018-01-26 13:12:13.420";"558.0"
"2018-01-26 13:12:13.911";"488.0"
"2018-01-26 13:12:14.404";"426.0"
"2018-01-26 13:12:14.650";"417.0"
"2018-01-26 13:12:15.143";"511.0"
"2018-01-26 13:12:15.635";"422.0"
"2018-01-26 13:12:16.128";"370.0"
"2018-01-26 13:12:16.374";"398.0"
"2018-01-26 13:12:16.866";"381.0"
"2018-01-26 13:12:17.114";"408.0"
"2018-01-26 13:12:17.605";"385.0"
"2018-01-26 13:12:18.098";"503.0"
"2018-01-26 13:12:18.344";"348.0"
"2018-01-26 13:12:18.838";"353.0"
"2018-01-26 13:12:19.083";"408.0"
"2018-01-26 13:12:19.576";"394.0"
"2018-01-26 13:12:19.822";"406.0"
"2018-01-26 13:12:20.314";"402.0"
"2018-01-26 13:12:20.806";"494.0"
"2018-01-26 13:12:21.299";"418.0"
"2018-01-26 13:12:21.545";"345.0"
"2018-01-26 13:12:22.038";"491.0"
"2018-01-26 13:12:22.531";"439.0"
"2018-01-26 13:12:22.773";"353.0"
"2018-01-26 13:12:23.269";"425.0"
"2018-01-26 13:12:23.516";"432.0"
"2018-01-26 13:12:24.009";"474.0"
"2018-01-26 13:12:24.501";"470.0"
"2018-01-26 13:12:24.994";"397.0"
"2018-01-26 13:12:25.487";"528.0"
"2018-01-26 13:12:25.979";"473.0"
"2018-01-26 13:12:26.225";"435.0"
"2018-01-26 13:12:26.715";"497.0"
"2018-01-26 13:12:27.211";"376.0"
"2018-01-26 13:12:27.456";"391.0"
"2018-01-26 13:12:27.948";"358.0"
"2018-01-26 13:12:28.441";"446.0"
"2018-01-26 13:12:28.688";"455.0"
"2018-01-26 13:12:29.180";"462.0"
"2018-01-26 13:12:29.673";"434.0"
"2018-01-26 13:12:30.165";"450.0"
"2018-01-26 13:12:30.658";"489.0"
"2018-01-26 13:12:30.904";"369.0"
"2018-01-26 13:12:31.396";"489.0"
"2018-01-26 13:12:31.889";"428.0"
"2018-01-26 13:12:32.135";"368.0"
"2018-01-26 13:12:32.628";"391.0"
"2018-01-26 13:12:33.120";"427.0"
"2018-01-26 13:12:33.366";"343.0"
"2018-01-26 13:12:33.860";"436.0"
"2018-01-26 13:12:34.353";"472.0"
"2018-01-26 13:12:34.598";"397.0"
"2018-01-26 13:12:35.092";"417.0"
"2018-01-26 13:12:35.829";"412.0"
"2018-01-26 13:12:37.061";"386.0"
"2018-01-26 13:12:37.554";"376.0"
"2018-01-26 13:12:37.799";"355.0"
"2018-01-26 13:12:38.292";"457.0"
"2018-01-26 13:12:38.781";"441.0"
"2018-01-26 13:12:39.278";"433.0"
"2018-01-26 13:12:39.523";"411.0"
"2018-01-26 13:12:40.017";"527.0"
"2018-01-26 13:12:40.508";"458.0"
"2018-01-26 13:12:41.001";"388.0"
"2018-01-26 13:12:41.251";"417.0"
"2018-01-26 13:12:41.738";"489.0"
"2018-01-26 13:12:42.233";"403.0"
"2018-01-26 13:12:42.726";"514.0"
"2018-01-26 13:12:42.973";"365.0"
"2018-01-26 13:12:43.465";"338.0"
"2018-01-26 13:12:43.710";"369.0"
"2018-01-26 13:12:44.203";"400.0"
"2018-01-26 13:12:44.449";"423.0"
"2018-01-26 13:12:44.942";"409.0"
"2018-01-26 13:12:45.927";"408.0"
"2018-01-26 13:12:46.666";"386.0"
"2018-01-26 13:12:46.915";"408.0"
"2018-01-26 13:12:47.404";"426.0"
"2018-01-26 13:12:48.144";"411.0"
"2018-01-26 13:12:48.637";"427.0"
"2018-01-26 13:12:50.606";"405.0"
"2018-01-26 13:12:51.345";"428.0"
"2018-01-26 13:12:52.326";"428.0"
"2018-01-26 13:12:52.823";"433.0"
"2018-01-26 13:12:53.071";"395.0"
"2018-01-26 13:12:53.803";"395.0"
"2018-01-26 13:12:54.794";"426.0"
"2018-01-26 13:12:56.024";"435.0"
"2018-01-26 13:12:57.501";"886.0"
"2018-01-26 13:12:57.994";"460.0"
"2018-01-26 13:12:58.487";"378.0"
"2018-01-26 13:12:58.975";"472.0"
"2018-01-26 13:12:59.472";"497.0"
"2018-01-26 13:12:59.724";"360.0"
"2018-01-26 13:13:00.210";"403.0"
"2018-01-26 13:13:00.457";"351.0"
"2018-01-26 13:13:00.949";"426.0"
"2018-01-26 13:13:01.195";"452.0"
"2018-01-26 13:13:01.688";"400.0"
"2018-01-26 13:13:02.184";"385.0"
"2018-01-26 13:13:02.427";"442.0"
"2018-01-26 13:13:02.919";"435.0"
"2018-01-26 13:13:03.412";"404.0"
"2018-01-26 13:13:03.658";"373.0"
"2018-01-26 13:13:04.151";"361.0"
"2018-01-26 13:13:04.397";"420.0"
"2018-01-26 13:13:04.890";"346.0"
"2018-01-26 13:13:05.136";"381.0"
"2018-01-26 13:13:05.629";"380.0"
"2018-01-26 13:13:05.871";"425.0"
"2018-01-26 13:13:06.367";"398.0"
"2018-01-26 13:13:06.614";"399.0"
"2018-01-26 13:13:07.106";"368.0"
"2018-01-26 13:13:07.599";"431.0"
"2018-01-26 13:13:07.845";"359.0"
"2018-01-26 13:13:08.338";"552.0"
"2018-01-26 13:13:08.826";"392.0"
"2018-01-26 13:13:09.323";"636.0"
"2018-01-26 13:13:09.820";"465.0"
"2018-01-26 13:13:10.305";"429.0"
"2018-01-26 13:13:10.800";"446.0"
"2018-01-26 13:13:11.046";"430.0"
"2018-01-26 13:13:12.032";"415.0"
"2018-01-26 13:13:13.263";"373.0"
"2018-01-26 13:13:13.755";"557.0"
"2018-01-26 13:13:14.248";"420.0"
"2018-01-26 13:13:14.740";"507.0"
"2018-01-26 13:13:15.233";"493.0"
"2018-01-26 13:13:15.725";"405.0"
"2018-01-26 13:13:15.972";"409.0"
"2018-01-26 13:13:16.465";"356.0"
"2018-01-26 13:13:16.712";"408.0"
"2018-01-26 13:13:17.203";"430.0"
"2018-01-26 13:13:17.450";"384.0"
"2018-01-26 13:13:17.943";"419.0"
"2018-01-26 13:13:18.435";"471.0"
"2018-01-26 13:13:18.928";"446.0"
"2018-01-26 13:13:19.175";"425.0"
"2018-01-26 13:13:20.158";"926.0"
"2018-01-26 13:13:20.405";"360.0"
"2018-01-26 13:13:20.898";"479.0"
"2018-01-26 13:13:21.390";"387.0"
"2018-01-26 13:13:21.882";"469.0"
"2018-01-26 13:13:22.128";"404.0"
"2018-01-26 13:13:22.622";"419.0"
"2018-01-26 13:13:22.867";"343.0"
"2018-01-26 13:13:23.360";"369.0"
"2018-01-26 13:13:23.849";"470.0"
"2018-01-26 13:13:24.348";"469.0"
"2018-01-26 13:13:24.591";"447.0"
"2018-01-26 13:13:25.085";"400.0"
"2018-01-26 13:13:25.576";"467.0"
"2018-01-26 13:13:26.070";"443.0"
"2018-01-26 13:13:26.315";"439.0"
"2018-01-26 13:13:26.806";"353.0"
"2018-01-26 13:13:27.054";"378.0"
"2018-01-26 13:13:27.546";"443.0"
"2018-01-26 13:13:28.040";"446.0"
"2018-01-26 13:13:28.286";"389.0"
"2018-01-26 13:13:28.778";"398.0"
"2018-01-26 13:13:29.271";"429.0"
"2018-01-26 13:13:29.517";"376.0"
"2018-01-26 13:13:29.765";"359.0"
"2018-01-26 13:13:30.256";"343.0"
"2018-01-26 13:13:30.748";"430.0"
"2018-01-26 13:13:31.241";"528.0"
"2018-01-26 13:13:31.488";"405.0"
"2018-01-26 13:13:31.980";"378.0"
"2018-01-26 13:13:32.225";"371.0"
"2018-01-26 13:13:32.719";"363.0"
"2018-01-26 13:13:32.965";"364.0"
"2018-01-26 13:13:33.457";"448.0"
"2018-01-26 13:13:33.950";"619.0"
"2018-01-26 13:13:34.689";"570.0"
"2018-01-26 13:13:34.935";"481.0"
"2018-01-26 13:13:35.428";"499.0"
"2018-01-26 13:13:35.920";"342.0"
"2018-01-26 13:13:36.166";"381.0"
"2018-01-26 13:13:36.659";"361.0"
"2018-01-26 13:13:37.151";"452.0"
"2018-01-26 13:13:37.644";"509.0"
"2018-01-26 13:13:38.136";"508.0"
"2018-01-26 13:13:38.629";"520.0"
"2018-01-26 13:13:38.871";"415.0"
"2018-01-26 13:13:39.615";"576.0"
"2018-01-26 13:13:39.861";"434.0"
"2018-01-26 13:13:40.349";"367.0"
"2018-01-26 13:13:40.599";"404.0"
"2018-01-26 13:13:41.092";"430.0"
"2018-01-26 13:13:41.585";"432.0"
"2018-01-26 13:13:42.077";"459.0"
"2018-01-26 13:13:42.323";"422.0"
"2018-01-26 13:13:42.816";"380.0"
"2018-01-26 13:13:43.062";"376.0"
"2018-01-26 13:13:43.554";"380.0"
"2018-01-26 13:13:43.800";"370.0"
"2018-01-26 13:13:44.293";"429.0"
"2018-01-26 13:13:44.539";"386.0"
"2018-01-26 13:13:45.034";"409.0"
"2018-01-26 13:13:45.525";"367.0"
"2018-01-26 13:13:45.771";"421.0"
"2018-01-26 13:13:46.263";"379.0"
"2018-01-26 13:13:46.509";"437.0"
"2018-01-26 13:13:47.248";"525.0"
"2018-01-26 13:13:47.496";"484.0"
"2018-01-26 13:13:47.988";"377.0"
"2018-01-26 13:13:48.480";"399.0"
"2018-01-26 13:13:48.972";"628.0"
"2018-01-26 13:13:49.219";"374.0"
"2018-01-26 13:13:49.711";"481.0"
"2018-01-26 13:13:50.204";"387.0"
"2018-01-26 13:13:50.696";"441.0"
"2018-01-26 13:13:51.189";"467.0"
"2018-01-26 13:13:51.435";"432.0"
"2018-01-26 13:13:51.928";"441.0"
"2018-01-26 13:13:52.420";"449.0"
"2018-01-26 13:13:52.913";"456.0"
"2018-01-26 13:13:53.159";"440.0"
"2018-01-26 13:13:53.652";"430.0"
"2018-01-26 13:13:54.636";"433.0"
"2018-01-26 13:13:54.883";"379.0"
"2018-01-26 13:13:55.373";"431.0"
"2018-01-26 13:13:55.622";"366.0"
"2018-01-26 13:13:56.114";"395.0"
"2018-01-26 13:13:56.607";"595.0"
"2018-01-26 13:13:57.346";"634.0"
"2018-01-26 13:13:57.592";"370.0"
"2018-01-26 13:13:58.333";"593.0"
"2018-01-26 13:13:58.577";"400.0"
"2018-01-26 13:13:59.069";"417.0"
"2018-01-26 13:13:59.563";"472.0"
"2018-01-26 13:13:59.808";"419.0"
"2018-01-26 13:14:00.297";"396.0"
"2018-01-26 13:14:00.793";"535.0"
"2018-01-26 13:14:01.286";"393.0"
"2018-01-26 13:14:01.532";"373.0"
"2018-01-26 13:14:01.779";"351.0"
"2018-01-26 13:14:02.272";"449.0"
"2018-01-26 13:14:02.765";"391.0"
"2018-01-26 13:14:03.010";"366.0"
"2018-01-26 13:14:03.503";"378.0"
"2018-01-26 13:14:03.749";"406.0"
"2018-01-26 13:14:04.241";"436.0"
"2018-01-26 13:14:04.734";"420.0"
"2018-01-26 13:14:05.226";"472.0"
"2018-01-26 13:14:05.720";"469.0"
"2018-01-26 13:14:05.964";"442.0"
"2018-01-26 13:14:06.458";"378.0"
"2018-01-26 13:14:06.704";"436.0"
"2018-01-26 13:14:07.689";"336.0"
"2018-01-26 13:14:07.936";"390.0"
"2018-01-26 13:14:08.428";"408.0"
"2018-01-26 13:14:08.674";"388.0"
"2018-01-26 13:14:09.167";"386.0"
"2018-01-26 13:14:09.662";"439.0"
"2018-01-26 13:14:09.906";"416.0"
"2018-01-26 13:14:10.395";"362.0"
"2018-01-26 13:14:10.891";"462.0"
"2018-01-26 13:14:11.386";"541.0"
"2018-01-26 13:14:11.629";"408.0"
"2018-01-26 13:14:12.122";"483.0"
"2018-01-26 13:14:12.615";"395.0"
"2018-01-26 13:14:13.108";"515.0"
"2018-01-26 13:14:13.600";"477.0"
"2018-01-26 13:14:14.092";"485.0"
"2018-01-26 13:14:14.339";"459.0"
"2018-01-26 13:14:14.831";"401.0"
"2018-01-26 13:14:15.571";"687.0"
"2018-01-26 13:14:16.062";"482.0"
"2018-01-26 13:14:16.309";"403.0"
"2018-01-26 13:14:16.801";"397.0"
"2018-01-26 13:14:17.294";"425.0"
"2018-01-26 13:14:17.540";"452.0"
"2018-01-26 13:14:18.033";"436.0"
"2018-01-26 13:14:18.525";"395.0"
"2018-01-26 13:14:19.757";"748.0"
"2018-01-26 13:14:20.003";"394.0"
"2018-01-26 13:14:20.495";"411.0"
"2018-01-26 13:14:20.742";"360.0"
"2018-01-26 13:14:21.234";"411.0"
"2018-01-26 13:14:21.726";"578.0"
"2018-01-26 13:14:22.220";"358.0"
"2018-01-26 13:14:22.465";"363.0"
"2018-01-26 13:14:22.958";"360.0"
"2018-01-26 13:14:23.204";"381.0"
"2018-01-26 13:14:23.693";"398.0"
"2018-01-26 13:14:23.944";"451.0"
"2018-01-26 13:14:24.436";"353.0"
"2018-01-26 13:14:24.928";"456.0"
"2018-01-26 13:14:25.174";"447.0"
"2018-01-26 13:14:25.667";"434.0"
"2018-01-26 13:14:26.160";"468.0"
"2018-01-26 13:14:26.652";"395.0"
"2018-01-26 13:14:26.898";"366.0"
"2018-01-26 13:14:27.144";"342.0"
"2018-01-26 13:14:27.637";"352.0"
"2018-01-26 13:14:28.130";"501.0"
"2018-01-26 13:14:28.618";"458.0"
"2018-01-26 13:14:28.868";"401.0"
"2018-01-26 13:14:29.359";"482.0"
"2018-01-26 13:14:29.854";"442.0"
"2018-01-26 13:14:30.096";"376.0"
"2018-01-26 13:14:30.595";"456.0"
"2018-01-26 13:14:31.085";"409.0"
"2018-01-26 13:14:31.575";"547.0"
"2018-01-26 13:14:31.825";"379.0"
"2018-01-26 13:14:32.316";"344.0"
"2018-01-26 13:14:32.563";"372.0"
"2018-01-26 13:14:33.055";"358.0"
"2018-01-26 13:14:33.301";"414.0"
"2018-01-26 13:14:33.794";"434.0"
"2018-01-26 13:14:34.287";"423.0"
"2018-01-26 13:14:34.779";"542.0"
"2018-01-26 13:14:35.025";"394.0"
"2018-01-26 13:14:35.518";"394.0"
"2018-01-26 13:14:36.011";"398.0"
"2018-01-26 13:14:37.242";"413.0"
"2018-01-26 13:14:37.735";"372.0"
"2018-01-26 13:14:37.980";"392.0"
"2018-01-26 13:14:38.473";"355.0"
"2018-01-26 13:14:38.719";"377.0"
"2018-01-26 13:14:39.212";"358.0"
"2018-01-26 13:14:39.459";"387.0"
"2018-01-26 13:14:39.704";"341.0"
"2018-01-26 13:14:40.202";"343.0"
"2018-01-26 13:14:40.443";"341.0"
"2018-01-26 13:14:40.690";"334.0"
"2018-01-26 13:14:41.430";"589.0"
"2018-01-26 13:14:41.675";"380.0"
"2018-01-26 13:14:42.165";"359.0"
"2018-01-26 13:14:42.414";"334.0"
"2018-01-26 13:14:42.660";"351.0"
"2018-01-26 13:14:43.152";"314.0"
"2018-01-26 13:14:43.641";"614.0"
"2018-01-26 13:14:44.138";"418.0"
"2018-01-26 13:14:44.630";"525.0"
"2018-01-26 13:14:45.120";"475.0"
"2018-01-26 13:14:45.368";"438.0"
"2018-01-26 13:14:45.861";"436.0"
"2018-01-26 13:14:46.354";"370.0"
"2018-01-26 13:14:46.847";"545.0"
"2018-01-26 13:14:47.092";"363.0"
"2018-01-26 13:14:47.594";"353.0"
"2018-01-26 13:14:47.832";"326.0"
"2018-01-26 13:14:48.078";"381.0"
"2018-01-26 13:14:48.572";"422.0"
"2018-01-26 13:14:49.065";"405.0"
"2018-01-26 13:14:49.309";"383.0"
"2018-01-26 13:14:49.802";"404.0"
"2018-01-26 13:14:50.295";"441.0"
"2018-01-26 13:14:50.540";"411.0"
"2018-01-26 13:14:51.033";"349.0"
"2018-01-26 13:14:51.526";"550.0"
"2018-01-26 13:14:52.018";"477.0"
"2018-01-26 13:14:52.265";"429.0"
"2018-01-26 13:14:53.003";"568.0"
"2018-01-26 13:14:53.249";"403.0"
"2018-01-26 13:14:53.742";"441.0"
"2018-01-26 13:14:54.234";"393.0"
"2018-01-26 13:14:54.482";"379.0"
"2018-01-26 13:14:54.974";"592.0"
"2018-01-26 13:14:55.466";"442.0"
"2018-01-26 13:14:55.958";"344.0"
"2018-01-26 13:14:56.451";"630.0"
"2018-01-26 13:14:56.945";"401.0"
"2018-01-26 13:14:57.436";"546.0"
"2018-01-26 13:14:57.682";"406.0"
"2018-01-26 13:14:58.179";"515.0"
"2018-01-26 13:14:58.664";"423.0"
"2018-01-26 13:14:59.160";"351.0"
"2018-01-26 13:14:59.406";"434.0"
"2018-01-26 13:14:59.899";"408.0"
"2018-01-26 13:15:00.396";"421.0"
"2018-01-26 13:15:00.884";"686.0"
"2018-01-26 13:15:01.376";"325.0"
"2018-01-26 13:15:01.620";"358.0"
"2018-01-26 13:15:02.120";"577.0"
"2018-01-26 13:15:02.609";"361.0"
"2018-01-26 13:15:02.854";"354.0"
"2018-01-26 13:15:03.347";"427.0"
"2018-01-26 13:15:03.593";"427.0"
"2018-01-26 13:15:04.085";"431.0"
"2018-01-26 13:15:04.578";"376.0"
"2018-01-26 13:15:04.824";"364.0"
"2018-01-26 13:15:05.317";"550.0"
"2018-01-26 13:15:05.809";"483.0"
"2018-01-26 13:15:06.302";"410.0"
"2018-01-26 13:15:06.794";"446.0"
"2018-01-26 13:15:07.041";"419.0"
"2018-01-26 13:15:07.533";"532.0"
"2018-01-26 13:15:08.026";"386.0"
"2018-01-26 13:15:08.518";"477.0"
"2018-01-26 13:15:09.012";"487.0"
"2018-01-26 13:15:09.257";"418.0"
"2018-01-26 13:15:09.750";"354.0"
"2018-01-26 13:15:09.996";"350.0"
"2018-01-26 13:15:10.489";"394.0"
"2018-01-26 13:15:10.735";"408.0"
"2018-01-26 13:15:11.227";"334.0"
"2018-01-26 13:15:11.474";"365.0"
"2018-01-26 13:15:11.967";"353.0"
"2018-01-26 13:15:12.209";"384.0"
"2018-01-26 13:15:12.459";"353.0"
"2018-01-26 13:15:13.198";"526.0"
"2018-01-26 13:15:13.687";"533.0"
"2018-01-26 13:15:13.936";"420.0"
"2018-01-26 13:15:14.429";"371.0"
"2018-01-26 13:15:14.921";"438.0"
"2018-01-26 13:15:15.414";"548.0"
"2018-01-26 13:15:15.660";"426.0"
"2018-01-26 13:15:16.153";"459.0"
"2018-01-26 13:15:16.645";"447.0"
"2018-01-26 13:15:17.138";"458.0"
"2018-01-26 13:15:17.385";"417.0"
"2018-01-26 13:15:17.877";"370.0"
"2018-01-26 13:15:18.369";"523.0"
"2018-01-26 13:15:18.864";"431.0"
"2018-01-26 13:15:19.114";"433.0"
"2018-01-26 13:15:19.601";"487.0"
"2018-01-26 13:15:20.094";"355.0"
"2018-01-26 13:15:20.340";"358.0"
"2018-01-26 13:15:20.586";"323.0"
"2018-01-26 13:15:21.078";"336.0"
"2018-01-26 13:15:21.324";"309.0"
"2018-01-26 13:15:21.571";"355.0"
"2018-01-26 13:15:22.064";"454.0"
"2018-01-26 13:15:22.558";"351.0"
"2018-01-26 13:15:23.049";"656.0"
"2018-01-26 13:15:23.541";"354.0"
"2018-01-26 13:15:23.788";"371.0"
"2018-01-26 13:15:24.282";"398.0"
"2018-01-26 13:15:24.526";"349.0"
"2018-01-26 13:15:24.774";"344.0"
"2018-01-26 13:15:25.265";"321.0"
"2018-01-26 13:15:25.512";"363.0"
"2018-01-26 13:15:26.004";"356.0"
"2018-01-26 13:15:26.251";"389.0"
"2018-01-26 13:15:26.747";"379.0"
"2018-01-26 13:15:26.989";"351.0"
"2018-01-26 13:15:27.482";"387.0"
"2018-01-26 13:15:27.728";"421.0"
"2018-01-26 13:15:28.221";"473.0"
"2018-01-26 13:15:28.709";"440.0"
"2018-01-26 13:15:28.959";"393.0"
"2018-01-26 13:15:29.452";"515.0"
"2018-01-26 13:15:29.944";"430.0"
"2018-01-26 13:15:30.437";"489.0"
"2018-01-26 13:15:30.929";"448.0"
"2018-01-26 13:15:31.422";"436.0"
"2018-01-26 13:15:31.666";"419.0"
"2018-01-26 13:15:32.160";"415.0"
"2018-01-26 13:15:32.407";"386.0"
"2018-01-26 13:15:33.146";"542.0"
"2018-01-26 13:15:33.392";"399.0"
"2018-01-26 13:15:33.884";"356.0"
"2018-01-26 13:15:34.132";"352.0"
"2018-01-26 13:15:34.623";"527.0"
"2018-01-26 13:15:34.869";"346.0"
"2018-01-26 13:15:35.608";"574.0"
"2018-01-26 13:15:35.855";"385.0"
"2018-01-26 13:15:36.101";"328.0"
"2018-01-26 13:15:36.593";"362.0"
"2018-01-26 13:15:36.840";"336.0"
"2018-01-26 13:15:37.333";"397.0"
"2018-01-26 13:15:37.579";"347.0"
"2018-01-26 13:15:38.072";"384.0"
"2018-01-26 13:15:38.320";"414.0"
"2018-01-26 13:15:38.810";"374.0"
"2018-01-26 13:15:39.303";"615.0"
"2018-01-26 13:15:39.795";"383.0"
"2018-01-26 13:15:40.044";"386.0"
"2018-01-26 13:15:40.534";"378.0"
"2018-01-26 13:15:41.768";"451.0"
"2018-01-26 13:15:42.254";"472.0"
"2018-01-26 13:15:42.504";"365.0"
"2018-01-26 13:15:42.997";"527.0"
"2018-01-26 13:15:43.491";"374.0"
"2018-01-26 13:15:43.732";"340.0"
"2018-01-26 13:15:44.228";"527.0"
"2018-01-26 13:15:44.720";"348.0"
"2018-01-26 13:15:44.967";"423.0"
"2018-01-26 13:15:45.459";"431.0"
"2018-01-26 13:15:45.952";"482.0"
"2018-01-26 13:15:46.444";"445.0"
"2018-01-26 13:15:46.688";"384.0"
"2018-01-26 13:15:47.183";"324.0"
"2018-01-26 13:15:47.430";"355.0"
"2018-01-26 13:15:47.676";"341.0"
"2018-01-26 13:15:48.169";"349.0"
"2018-01-26 13:15:48.415";"376.0"
"2018-01-26 13:15:48.661";"314.0"
"2018-01-26 13:15:49.154";"331.0"
"2018-01-26 13:15:49.401";"369.0"
"2018-01-26 13:15:49.894";"357.0"
"2018-01-26 13:15:50.139";"348.0"
"2018-01-26 13:15:50.631";"474.0"
"2018-01-26 13:15:51.124";"420.0"
"2018-01-26 13:15:51.370";"349.0"
"2018-01-26 13:15:51.616";"353.0"
"2018-01-26 13:15:52.109";"416.0"
"2018-01-26 13:15:52.356";"372.0"
"2018-01-26 13:15:52.848";"362.0"
"2018-01-26 13:15:53.094";"345.0"
"2018-01-26 13:15:53.586";"352.0"
"2018-01-26 13:15:53.833";"328.0"
"2018-01-26 13:15:54.321";"580.0"
"2018-01-26 13:15:54.818";"426.0"
"2018-01-26 13:15:55.064";"356.0"
"2018-01-26 13:15:55.558";"460.0"
"2018-01-26 13:15:56.049";"411.0"
"2018-01-26 13:15:56.295";"434.0"
"2018-01-26 13:15:56.788";"382.0"
"2018-01-26 13:15:57.280";"390.0"
"2018-01-26 13:15:57.527";"367.0"
"2018-01-26 13:15:58.020";"415.0"
"2018-01-26 13:15:58.512";"577.0"
"2018-01-26 13:15:58.754";"350.0"
"2018-01-26 13:15:59.251";"342.0"
"2018-01-26 13:15:59.497";"342.0"
"2018-01-26 13:15:59.744";"348.0"
"2018-01-26 13:16:00.231";"377.0"
"2018-01-26 13:16:00.728";"521.0"
"2018-01-26 13:16:01.221";"440.0"
"2018-01-26 13:16:01.713";"499.0"
"2018-01-26 13:16:02.206";"461.0"
"2018-01-26 13:16:02.452";"477.0"
"2018-01-26 13:16:02.945";"443.0"
"2018-01-26 13:16:03.438";"386.0"
"2018-01-26 13:16:03.684";"367.0"
"2018-01-26 13:16:04.177";"392.0"
"2018-01-26 13:16:04.670";"466.0"
"2018-01-26 13:16:04.915";"409.0"
"2018-01-26 13:16:05.408";"381.0"
"2018-01-26 13:16:05.654";"365.0"
"2018-01-26 13:16:06.147";"384.0"
"2018-01-26 13:16:06.393";"460.0"
"2018-01-26 13:16:06.886";"487.0"
"2018-01-26 13:16:07.378";"377.0"
"2018-01-26 13:16:07.870";"406.0"
"2018-01-26 13:16:08.122";"358.0"
"2018-01-26 13:16:08.609";"417.0"
"2018-01-26 13:16:09.102";"550.0"
"2018-01-26 13:16:09.594";"458.0"
"2018-01-26 13:16:09.843";"388.0"
"2018-01-26 13:16:10.333";"487.0"
"2018-01-26 13:16:10.822";"367.0"
"2018-01-26 13:16:11.073";"415.0"
"2018-01-26 13:16:11.564";"373.0"
"2018-01-26 13:16:11.811";"369.0"
"2018-01-26 13:16:12.299";"378.0"
"2018-01-26 13:16:12.549";"441.0"
"2018-01-26 13:16:13.043";"402.0"
"2018-01-26 13:16:13.288";"381.0"
"2018-01-26 13:16:13.776";"407.0"
"2018-01-26 13:16:14.273";"365.0"
"2018-01-26 13:16:14.520";"380.0"
"2018-01-26 13:16:15.504";"957.0"
"2018-01-26 13:16:15.751";"418.0"
"2018-01-26 13:16:16.487";"516.0"
"2018-01-26 13:16:16.736";"391.0"
"2018-01-26 13:16:17.229";"577.0"
"2018-01-26 13:16:17.721";"504.0"
"2018-01-26 13:16:18.214";"449.0"
"2018-01-26 13:16:18.715";"484.0"
"2018-01-26 13:16:19.199";"402.0"
"2018-01-26 13:16:19.445";"407.0"
"2018-01-26 13:16:19.938";"375.0"
"2018-01-26 13:16:20.184";"417.0"
"2018-01-26 13:16:20.676";"448.0"
"2018-01-26 13:16:21.170";"364.0"
"2018-01-26 13:16:21.415";"379.0"
"2018-01-26 13:16:21.909";"380.0"
"2018-01-26 13:16:22.154";"369.0"
"2018-01-26 13:16:22.647";"379.0"
"2018-01-26 13:16:23.139";"519.0"
"2018-01-26 13:16:23.386";"378.0"
"2018-01-26 13:16:24.124";"632.0"
"2018-01-26 13:16:24.370";"430.0"
"2018-01-26 13:16:24.863";"373.0"
"2018-01-26 13:16:25.356";"551.0"
"2018-01-26 13:16:25.849";"431.0"
"2018-01-26 13:16:26.094";"410.0"
"2018-01-26 13:16:26.587";"368.0"
"2018-01-26 13:16:26.833";"383.0"
"2018-01-26 13:16:27.572";"609.0"
"2018-01-26 13:16:27.818";"406.0"
"2018-01-26 13:16:28.799";"997.0"
"2018-01-26 13:16:29.296";"435.0"
"2018-01-26 13:16:29.784";"376.0"
"2018-01-26 13:16:30.030";"463.0"
"2018-01-26 13:16:30.775";"568.0"
"2018-01-26 13:16:31.020";"381.0"
"2018-01-26 13:16:31.512";"368.0"
"2018-01-26 13:16:31.760";"340.0"
"2018-01-26 13:16:32.251";"475.0"
"2018-01-26 13:16:32.744";"477.0"
"2018-01-26 13:16:32.990";"384.0"
"2018-01-26 13:16:33.483";"390.0"
"2018-01-26 13:16:33.729";"407.0"
"2018-01-26 13:16:34.222";"509.0"
"2018-01-26 13:16:34.713";"439.0"
"2018-01-26 13:16:35.207";"472.0"
"2018-01-26 13:16:35.699";"368.0"
"2018-01-26 13:16:35.945";"344.0"
"2018-01-26 13:16:36.438";"456.0"
"2018-01-26 13:16:36.930";"462.0"
"2018-01-26 13:16:37.177";"378.0"
"2018-01-26 13:16:37.670";"405.0"
"2018-01-26 13:16:38.163";"490.0"
"2018-01-26 13:16:38.408";"414.0"
"2018-01-26 13:16:38.900";"337.0"
"2018-01-26 13:16:39.147";"371.0"
"2018-01-26 13:16:39.394";"364.0"
"2018-01-26 13:16:39.886";"411.0"
"2018-01-26 13:16:40.378";"606.0"
"2018-01-26 13:16:40.867";"411.0"
"2018-01-26 13:16:41.364";"401.0"
"2018-01-26 13:16:41.856";"489.0"
"2018-01-26 13:16:42.347";"577.0"
"2018-01-26 13:16:42.842";"428.0"
"2018-01-26 13:16:43.088";"443.0"
"2018-01-26 13:16:43.580";"424.0"
"2018-01-26 13:16:44.072";"412.0"
"2018-01-26 13:16:44.564";"632.0"
"2018-01-26 13:16:45.057";"466.0"
"2018-01-26 13:16:45.551";"447.0"
"2018-01-26 13:16:45.796";"388.0"
"2018-01-26 13:16:46.289";"399.0"
"2018-01-26 13:16:46.782";"509.0"
"2018-01-26 13:16:47.274";"394.0"
"2018-01-26 13:16:47.767";"557.0"
"2018-01-26 13:16:48.012";"390.0"
"2018-01-26 13:16:48.506";"476.0"
"2018-01-26 13:16:48.998";"536.0"
"2018-01-26 13:16:49.490";"485.0"
"2018-01-26 13:16:49.983";"493.0"
"2018-01-26 13:16:50.475";"413.0"
"2018-01-26 13:16:50.722";"397.0"
"2018-01-26 13:16:51.214";"370.0"
"2018-01-26 13:16:51.707";"566.0"
"2018-01-26 13:16:52.199";"394.0"
"2018-01-26 13:16:52.446";"427.0"
"2018-01-26 13:16:52.938";"349.0"
"2018-01-26 13:16:53.185";"395.0"
"2018-01-26 13:16:53.677";"396.0"
"2018-01-26 13:16:53.923";"409.0"
